race_id,office,state,polled,n_polls,weak_lean,hier_margin,hier_sd,hier_sd_idio,poll_weight_in_hier,fund_margin,fund_sd_idio,fund_nat_loading,nat_fund_sd,rating,rating_margin,rating_sd,rating_pwin,w_hier,w_fund,w_rating,blend_margin,blend_sd_idio,p_dem_marginal,provenance
H-AL-01,House,AL,False,,False,-27.97982613279642,6.900653368060201,6.666128459161813,0.0,-26.817419064369897,6.541917181697197,0.7867245413787479,4.440649767681397,Safe R,-36.37381687252061,23.828041042540573,0.0002525252525252819,0.11545037360314417,0.8671217182255274,0.017427908171328468,-27.11816741814781,7.334338095377545,0.0017263304675182432,fixture
H-AL-02,House,AL,False,,False,-22.81937518441747,7.134780252053549,6.845484427590446,0.0,-21.56985282510308,6.541917181697197,0.7867245413787479,4.440649767681397,Safe R,-36.37381687252061,23.828041042540573,0.0002525252525252819,0.11545037360314417,0.8671217182255274,0.017427908171328468,-21.97211277430145,7.5002030569056055,0.009741379228419977,fixture
H-AL-03,House,AL,False,,False,-34.69302016219142,7.212506234813647,6.9237858964275105,0.0,-33.71360600181576,6.541917181697197,0.7867245413787479,4.440649767681397,Safe R,-36.37381687252061,23.828041042540573,0.0002525252525252819,0.11545037360314417,0.8671217182255274,0.017427908171328468,-33.87304164331435,7.262801348621371,0.00011889821815367042,fixture
H-AL-04,House,AL,False,,False,-59.133903783224895,7.059453332572256,6.718573439377398,0.0,-57.98689867721686,6.541917181697197,0.7867245413787479,4.440649767681397,Safe R,-36.37381687252061,23.828041042540573,0.0002525252525252819,0.11545037360314417,0.8671217182255274,0.017427908171328468,-57.742650040238544,7.774937961951335,9.940190175843342e-10,fixture
H-AL-05,House,AL,False,,False,-28.34338482064944,7.159319326487215,6.82007607737095,0.0,-27.15873519808338,6.541917181697197,0.7867245413787479,4.440649767681397,Safe R,-36.37381687252061,23.828041042540573,0.0002525252525252819,0.11545037360314417,0.8671217182255274,0.017427908171328468,-27.456103036810845,7.343609330883959,0.0015463510708524498,fixture
H-AL-06,House,AL,False,,False,-31.825599878907944,6.964292951793395,6.719711963467811,0.0,-30.76981549270165,6.541917181697197,0.7867245413787479,4.440649767681397,Safe R,-36.37381687252061,23.828041042540573,0.0002525252525252819,0.11545037360314417,0.8671217182255274,0.017427908171328468,-30.989372215973017,7.269524325376287,0.0003893438247577415,fixture
H-AL-07,House,AL,False,,False,35.905451141499015,7.05649986439969,6.729981517337917,0.0,36.96368173042082,6.541917181697197,0.7867245413787479,4.440649767681397,Safe D,36.37381687252061,23.828041042540573,0.9997474747474747,0.11545037360314417,0.8671217182255274,0.017427908171328468,36.83122850299454,7.235463487452552,0.9999690384413202,fixture
H-AK-01,House,AK,True,1.0,False,-7.05840950551304,4.911471602738284,4.469566441294738,0.4363452241713405,-10.7701800933498,6.541917181697197,0.7867245413787479,4.440649767681397,Likely R,-8.311389359756497,10.0,0.0627450980392158,0.7576079054256301,0.24239209457368874,6.811836386463726e-13,-7.958113352876657,5.295125655910271,0.14224541554702164,fixture
H-AZ-01,House,AZ,True,2.0,False,-9.300546837121626,4.068284276308966,3.4704607491973056,0.6132658703182108,-3.152346208051002,6.541917181697197,0.7867245413787479,4.440649767681397,Lean R,-4.0064647903488435,8.0,0.1773584905660377,0.7576079054256301,0.24239209457368874,6.811836386463726e-13,-7.81027160877832,5.1419715637101415,0.14269852013648737,fixture
H-AZ-02,House,AZ,True,1.0,False,-11.880399430326637,5.18749932704796,4.757607178039305,0.3712094253966379,-11.23020997437515,6.541917181697197,0.7867245413787479,4.440649767681397,Safe R,-36.37381687252061,23.828041042540573,0.0002525252525252819,0.7576079054256301,0.24239209457368874,6.811836386463726e-13,-11.722798646245513,5.25352572364743,0.057289401089266306,fixture
H-AZ-03,House,AZ,False,,False,49.68058771703855,7.081218525867233,6.776635708266129,0.0,51.47832810500353,6.541917181697197,0.7867245413787479,4.440649767681397,Safe D,36.37381687252061,23.828041042540573,0.9997474747474747,0.11545037360314417,0.8671217182255274,0.017427908171328468,51.007538270839,7.512287542003172,0.99999996982692,fixture
H-AZ-04,House,AZ,True,5.0,False,4.324494092428497,3.296803505811408,2.5473684648206087,0.7460337285276488,11.292751036697195,6.541917181697197,0.7867245413787479,4.440649767681397,Toss-up,0.0,8.0,0.5,0.7576079054256301,0.24239209457368874,6.811836386463726e-13,6.013544488674492,4.92002091893673,0.7984868473693938,fixture
H-AZ-05,House,AZ,False,,False,-21.419859588895957,7.1617437143208535,6.8104358355066985,0.0,-19.51321241300546,6.541917181697197,0.7867245413787479,4.440649767681397,Safe R,-36.37381687252061,23.828041042540573,0.0002525252525252819,0.11545037360314417,0.8671217182255274,0.017427908171328468,-20.02718060802492,7.580886076930339,0.017220347660891627,fixture
H-AZ-06,House,AZ,True,2.0,False,-7.783137588634373,4.476697087908421,3.9824413229698705,0.531720296448192,-3.54705530767115,6.541917181697197,0.7867245413787479,4.440649767681397,Lean R,-4.0064647903488435,8.0,0.1773584905660377,0.7576079054256301,0.24239209457368874,6.811836386463726e-13,-6.756344731762636,5.067977090000016,0.175956982132483,fixture
H-AZ-07,House,AZ,False,,False,33.60817304483566,6.91901427094122,6.668318559820266,0.0,35.33034236427581,6.541917181697197,0.7867245413787479,4.440649767681397,Safe D,36.37381687252061,23.828041042540573,0.9997474747474747,0.11545037360314417,0.8671217182255274,0.017427908171328468,35.14970285084738,7.243445168125831,0.9999332433698939,fixture
H-AZ-08,House,AZ,True,1.0,False,-19.93696417821831,5.0243723831940095,4.570321139090917,0.4101337393162561,-17.280227521017117,6.541917181697197,0.7867245413787479,4.440649767681397,Safe R,-36.37381687252061,23.828041042540573,0.0002525252525252819,0.7576079054256301,0.24239209457368874,6.811836386463726e-13,-19.29299221515981,5.243522689872425,0.004598174829494512,fixture
H-AZ-09,House,AZ,False,,False,-30.0049385522234,6.998176738260451,6.683481336432338,0.0,-28.169372984925364,6.541917181697197,0.7867245413787479,4.440649767681397,Safe R,-36.37381687252061,23.828041042540573,0.0002525252525252819,0.11545037360314417,0.8671217182255274,0.017427908171328468,-28.524276010112818,7.321083852515284,0.0010371748335104207,fixture
H-AR-01,House,AR,False,,False,-38.51620077167704,6.936467543585824,6.705654867709151,0.0,-37.77722836899184,6.541917181697197,0.7867245413787479,4.440649767681397,Safe R,-36.37381687252061,23.828041042540573,0.0002525252525252819,0.11545037360314417,0.8671217182255274,0.017427908171328468,-37.838084482277175,7.231186440810839,1.9245073669477273e-05,fixture
H-AR-02,House,AR,True,1.0,False,-7.194075794183061,4.998030843980058,4.5565300157209085,0.41630257122279113,-12.897639563995462,6.541917181697197,0.7867245413787479,4.440649767681397,Safe R,-36.37381687252061,23.828041042540573,0.0002525252525252819,0.7576079054256301,0.24239209457368874,6.811836386463726e-13,-8.576574562902369,5.663644891815804,0.13292845435623474,fixture
H-AR-03,House,AR,False,,False,-24.646619623708414,7.113747332694875,6.812676430779049,0.0,-23.901651396241693,6.541917181697197,0.7867245413787479,4.440649767681397,Safe R,-36.37381687252061,23.828041042540573,0.0002525252525252819,0.11545037360314417,0.8671217182255274,0.017427908171328468,-24.205022011043404,7.419329740532759,0.004780588529296984,fixture
H-AR-04,House,AR,False,,False,-34.14981862821215,7.279938995702684,6.961236962851555,0.0,-33.55825278970359,6.541917181697197,0.7867245413787479,4.440649767681397,Safe R,-36.37381687252061,23.828041042540573,0.0002525252525252819,0.11545037360314417,0.8671217182255274,0.017427908171328468,-33.675618679056086,7.263913893049773,0.00012945078338686436,fixture
H-CA-01,House,CA,True,1.0,True,-5.588165770073391,6.225988604266892,5.8806040112932605,0.8393677939480497,27.192228073088632,8.876749428263986,0.7867245413787479,4.440649767681397,Safe R,-36.37381687252061,23.828041042540573,0.0002525252525252819,0.7576079054256301,0.24239209457368874,6.811836386463726e-13,2.357542554500132,15.576523371314803,0.5569558895778934,fixture
H-CA-02,House,CA,False,,True,31.32340075852805,15.757612510736307,15.638173054445211,0.0,34.133525299557704,8.876749428263986,0.7867245413787479,4.440649767681397,Safe D,36.37381687252061,23.828041042540573,0.9997474747474747,0.11545037360314417,0.8671217182255274,0.017427908171328468,33.848138967235066,10.362086543277902,0.9979150366482775,fixture
H-CA-03,House,CA,True,1.0,True,5.855533180118882,5.07456257122009,4.594215528625798,0.8932880134733665,30.662876686323166,8.876749428263986,0.7867245413787479,4.440649767681397,Lean R,-4.0064647903488435,8.0,0.1773584905660377,0.7576079054256301,0.24239209457368874,6.811836386463726e-13,11.868637133390017,12.169720599517948,0.8139433887361183,fixture
H-CA-04,House,CA,False,,True,31.37021472048275,15.660232928007321,15.5143981904396,0.0,34.133525299557704,8.876749428263986,0.7867245413787479,4.440649767681397,Safe D,36.37381687252061,23.828041042540573,0.9997474747474747,0.11545037360314417,0.8671217182255274,0.017427908171328468,33.853543656632574,10.339274867178387,0.9979497803004485,fixture
H-CA-05,House,CA,False,,True,24.26936511396235,15.40116098888491,15.335016883759938,0.0,27.192228073088632,8.876749428263986,0.7867245413787479,4.440649767681397,Safe R,-36.37381687252061,23.828041042540573,0.0002525252525252819,0.11545037360314417,0.8671217182255274,0.017427908171328468,25.746959258340098,13.216978614869664,0.9632728611897985,fixture
H-CA-06,House,CA,False,,True,31.219453510013825,15.759881014480301,15.644187274806914,0.0,34.133525299557704,8.876749428263986,0.7867245413787479,4.440649767681397,Likely D,8.311389359756497,10.0,0.9372549019607842,0.11545037360314417,0.8671217182255274,0.017427908171328468,33.347068808802064,10.502713648787221,0.9973920801592246,fixture
H-CA-07,House,CA,False,,True,31.208150761896015,15.633214248849775,15.540668234454708,0.0,34.133525299557704,8.876749428263986,0.7867245413787479,4.440649767681397,Safe D,36.37381687252061,23.828041042540573,0.9997474747474747,0.11545037360314417,0.8671217182255274,0.017427908171328468,33.83483331206613,10.348449224072402,0.9979266985510337,fixture
H-CA-08,House,CA,False,,True,30.864303608782844,15.509286545579064,15.436283344341463,0.0,34.133525299557704,8.876749428263986,0.7867245413787479,4.440649767681397,Safe D,36.37381687252061,23.828041042540573,0.9997474747474747,0.11545037360314417,0.8671217182255274,0.017427908171328468,33.79513602977684,10.341068989000561,0.9979149241816312,fixture
H-CA-09,House,CA,False,,True,31.031409238570042,15.939342173286033,15.8775233249056,0.0,34.133525299557704,8.876749428263986,0.7867245413787479,4.440649767681397,Likely D,8.311389359756497,10.0,0.9372549019607842,0.11545037360314417,0.8671217182255274,0.017427908171328468,33.325359027409945,10.547613008731721,0.9973017643609935,fixture
H-CA-10,House,CA,False,,True,31.304886278635117,16.200843242490368,16.03538472228773,0.0,34.133525299557704,8.876749428263986,0.7867245413787479,4.440649767681397,Safe D,36.37381687252061,23.828041042540573,0.9997474747474747,0.11545037360314417,0.8671217182255274,0.017427908171328468,33.84600146361436,10.432457010717956,0.9978135670132031,fixture
H-CA-11,House,CA,False,,True,31.080488993270755,15.678664408039204,15.616410749863068,0.0,34.133525299557704,8.876749428263986,0.7867245413787479,4.440649767681397,Safe D,36.37381687252061,23.828041042540573,0.9997474747474747,0.11545037360314417,0.8671217182255274,0.017427908171328468,33.82009471318351,10.365420688216146,0.997894653267612,fixture
H-CA-12,House,CA,False,,True,31.133119086655917,16.005716203104956,15.901280732762782,0.0,34.133525299557704,8.876749428263986,0.7867245413787479,4.440649767681397,Safe D,36.37381687252061,23.828041042540573,0.9997474747474747,0.11545037360314417,0.8671217182255274,0.017427908171328468,33.826170877127595,10.413716966922479,0.9978292096622168,fixture
H-CA-13,House,CA,True,3.0,True,11.481205701806172,3.8561175464862414,3.238139817083197,0.9383807356538085,34.133525299557704,8.876749428263986,0.7867245413787479,4.440649767681397,Lean D,4.0064647903488435,8.0,0.8226415094339623,0.7576079054256301,0.24239209457368874,6.811836386463726e-13,16.97194889605269,11.012421914629996,0.9167217483358483,fixture
H-CA-14,House,CA,False,,True,31.359323939563165,16.41652861729673,16.31067559963726,0.0,34.133525299557704,8.876749428263986,0.7867245413787479,4.440649767681397,Safe D,36.37381687252061,23.828041042540573,0.9997474747474747,0.11545037360314417,0.8671217182255274,0.017427908171328468,33.85228631190658,10.480102929588401,0.9977474677392333,fixture
H-CA-15,House,CA,False,,True,30.968210128767506,15.928898851291216,15.857930225778304,0.0,34.133525299557704,8.876749428263986,0.7867245413787479,4.440649767681397,Safe D,36.37381687252061,23.828041042540573,0.9997474747474747,0.11545037360314417,0.8671217182255274,0.017427908171328468,33.80713207632887,10.411141805329239,0.9978219474386313,fixture
H-CA-16,House,CA,False,,True,30.663156365735748,15.371182595976686,15.206817962495652,0.0,34.133525299557704,8.876749428263986,0.7867245413787479,4.440649767681397,Safe D,36.37381687252061,23.828041042540573,0.9997474747474747,0.11545037360314417,0.8671217182255274,0.017427908171328468,33.77191350541781,10.308548369031806,0.9979473863197503,fixture
H-CA-17,House,CA,False,,True,31.200335705257906,15.95833763113992,15.84143496589198,0.0,34.133525299557704,8.876749428263986,0.7867245413787479,4.440649767681397,Safe D,36.37381687252061,23.828041042540573,0.9997474747474747,0.11545037360314417,0.8671217182255274,0.017427908171328468,33.83393106085753,10.401194547882364,0.9978516512905511,fixture
H-CA-18,House,CA,False,,True,31.531066364142784,15.9737921215028,15.886984827638152,0.0,34.133525299557704,8.876749428263986,0.7867245413787479,4.440649767681397,Safe D,36.37381687252061,23.828041042540573,0.9997474747474747,0.11545037360314417,0.8671217182255274,0.017427908171328468,33.87211403898781,10.400084284208427,0.9978749293262859,fixture
H-CA-19,House,CA,False,,True,30.993376522302857,15.956190998692694,15.85010313177195,0.0,34.133525299557704,8.876749428263986,0.7867245413787479,4.440649767681397,Safe D,36.37381687252061,23.828041042540573,0.9997474747474747,0.11545037360314417,0.8671217182255274,0.017427908171328468,33.81003754586477,10.40897636129408,0.9978267536717833,fixture
H-CA-20,House,CA,False,,True,24.239178628352512,15.198455232067321,15.16607071446205,0.0,27.192228073088632,8.876749428263986,0.7867245413787479,4.440649767681397,Safe R,-36.37381687252061,23.828041042540573,0.0002525252525252819,0.11545037360314417,0.8671217182255274,0.017427908171328468,25.743474217298676,13.194847293562018,0.9634566631605969,fixture
H-CA-21,House,CA,False,,True,30.946930840099924,15.776996468346308,15.592372485515382,0.0,34.133525299557704,8.876749428263986,0.7867245413787479,4.440649767681397,Safe D,36.37381687252061,23.828041042540573,0.9997474747474747,0.11545037360314417,0.8671217182255274,0.017427908171328468,33.80467537450219,10.365406023770081,0.9978859905247146,fixture
H-CA-22,House,CA,False,,True,23.76506784902364,15.759342036169691,15.691373323794648,0.0,27.192228073088632,8.876749428263986,0.7867245413787479,4.440649767681397,Likely D,8.311389359756497,10.0,0.9372549019607842,0.11545037360314417,0.8671217182255274,0.017427908171328468,26.467507621528878,10.273208004848707,0.987938294874716,fixture
H-CA-23,House,CA,True,2.0,True,-3.8874194082701674,4.314499895270754,3.701668933698526,0.9228604845545924,27.192228073088632,8.876749428263986,0.7867245413787479,4.440649767681397,Safe R,-36.37381687252061,23.828041042540573,0.0002525252525252819,0.7576079054256301,0.24239209457368874,6.811836386463726e-13,3.646041443326133,14.382801481909414,0.5938165362795308,fixture
H-CA-24,House,CA,False,,True,31.31471721072883,15.36668337343281,15.253687317812375,0.0,34.133525299557704,8.876749428263986,0.7867245413787479,4.440649767681397,Safe D,36.37381687252061,23.828041042540573,0.9997474747474747,0.11545037360314417,0.8671217182255274,0.017427908171328468,33.84713644839744,10.29595298931452,0.9980056402029356,fixture
H-CA-25,House,CA,False,,True,31.40796055230367,16.003625570058393,15.882543122012047,0.0,34.133525299557704,8.876749428263986,0.7867245413787479,4.440649767681397,Likely D,8.311389359756497,10.0,0.9372549019607842,0.11545037360314417,0.8671217182255274,0.017427908171328468,33.36883201726125,10.5397142527084,0.9973450866225255,fixture
H-CA-26,House,CA,False,,True,31.028962694159514,15.86856930146539,15.746600225264455,0.0,34.133525299557704,8.876749428263986,0.7867245413787479,4.440649767681397,Safe D,36.37381687252061,23.828041042540573,0.9997474747474747,0.11545037360314417,0.8671217182255274,0.017427908171328468,33.81414598270073,10.389716592092684,0.9978567792640126,fixture
H-CA-27,House,CA,True,1.0,True,18.83893308227685,6.6679381554463975,6.413724002168199,0.8157535591514197,34.133525299557704,8.876749428263986,0.7867245413787479,4.440649767681397,Lean D,4.0064647903488435,8.0,0.8226415094339623,0.7576079054256301,0.24239209457368874,6.811836386463726e-13,22.54622132546389,9.655154974681627,0.9797097361168968,fixture
H-CA-28,House,CA,False,,True,30.922093357822092,16.24585585977527,16.115677289240164,0.0,34.133525299557704,8.876749428263986,0.7867245413787479,4.440649767681397,Safe D,36.37381687252061,23.828041042540573,0.9997474747474747,0.11545037360314417,0.8671217182255274,0.017427908171328468,33.80180787789385,10.45819101554686,0.9977499825534908,fixture
H-CA-29,House,CA,False,,True,30.981417249315854,15.944124041223299,15.861486129524868,0.0,34.133525299557704,8.876749428263986,0.7867245413787479,4.440649767681397,Safe D,36.37381687252061,23.828041042540573,0.9997474747474747,0.11545037360314417,0.8671217182255274,0.017427908171328468,33.808656843330404,10.411352260860403,0.9978225238725197,fixture
H-CA-30,House,CA,False,,True,31.191603752971357,15.964684659192756,15.84626743972497,0.0,34.133525299557704,8.876749428263986,0.7867245413787479,4.440649767681397,Safe D,36.37381687252061,23.828041042540573,0.9997474747474747,0.11545037360314417,0.8671217182255274,0.017427908171328468,33.832922953703765,10.402299967644892,0.9978494926601232,fixture
H-CA-31,House,CA,False,,True,31.055599025390272,15.708391624490105,15.59523817697312,0.0,34.133525299557704,8.876749428263986,0.7867245413787479,4.440649767681397,Safe D,36.37381687252061,23.828041042540573,0.9997474747474747,0.11545037360314417,0.8671217182255274,0.017427908171328468,33.81722115709274,10.362502639557178,0.9978971546539588,fixture
H-CA-32,House,CA,False,,True,31.331210292331296,15.739183666805706,15.594849928325761,0.0,34.133525299557704,8.876749428263986,0.7867245413787479,4.440649767681397,Safe D,36.37381687252061,23.828041042540573,0.9997474747474747,0.11545037360314417,0.8671217182255274,0.017427908171328468,33.84904058083031,10.354326331238104,0.9979263841757364,fixture
H-CA-33,House,CA,False,,True,30.96998213250765,15.639101745908752,15.497141503929562,0.0,34.133525299557704,8.876749428263986,0.7867245413787479,4.440649767681397,Safe D,36.37381687252061,23.828041042540573,0.9997474747474747,0.11545037360314417,0.8671217182255274,0.017427908171328468,33.8073366548227,10.348172476374115,0.9979117741579538,fixture
H-CA-34,House,CA,False,,True,30.51803196249042,15.491932969853547,15.45108720129689,0.0,34.133525299557704,8.876749428263986,0.7867245413787479,4.440649767681397,Safe D,36.37381687252061,23.828041042540573,0.9997474747474747,0.11545037360314417,0.8671217182255274,0.017427908171328468,33.7551588388442,10.35553356717314,0.9978719757184501,fixture
H-CA-35,House,CA,False,,True,30.946070346583472,16.319098276132138,16.207212907298047,0.0,34.133525299557704,8.876749428263986,0.7867245413787479,4.440649767681397,Safe D,36.37381687252061,23.828041042540573,0.9997474747474747,0.11545037360314417,0.8671217182255274,0.017427908171328468,33.80457603020423,10.473750883887636,0.9977285164887911,fixture
H-CA-36,House,CA,False,,True,30.791391878850607,15.774403050494298,15.692906492512924,0.0,34.133525299557704,8.876749428263986,0.7867245413787479,4.440649767681397,Safe D,36.37381687252061,23.828041042540573,0.9997474747474747,0.11545037360314417,0.8671217182255274,0.017427908171328468,33.78671834331611,10.38796728475065,0.9978436010765404,fixture
H-CA-37,House,CA,False,,True,30.590288643442406,15.897206306179196,15.764124706775753,0.0,34.133525299557704,8.876749428263986,0.7867245413787479,4.440649767681397,Safe D,36.37381687252061,23.828041042540573,0.9997474747474747,0.11545037360314417,0.8671217182255274,0.017427908171328468,33.76350089965543,10.407292013294878,0.9978022223511828,fixture
H-CA-38,House,CA,False,,True,30.730499664270777,16.16964333554506,15.985305452394527,0.0,34.133525299557704,8.876749428263986,0.7867245413787479,4.440649767681397,Safe D,36.37381687252061,23.828041042540573,0.9997474747474747,0.11545037360314417,0.8671217182255274,0.017427908171328468,33.77968831439335,10.441347463603968,0.9977617856008807,fixture
H-CA-39,House,CA,False,,True,31.123332054580676,15.72602852764538,15.613935669825413,0.0,34.133525299557704,8.876749428263986,0.7867245413787479,4.440649767681397,Safe D,36.37381687252061,23.828041042540573,0.9997474747474747,0.11545037360314417,0.8671217182255274,0.017427908171328468,33.82504096061804,10.363691809272614,0.997899867907256,fixture
H-CA-40,House,CA,True,7.0,True,6.16195927432796,3.4687769542967133,2.713747246044725,0.9501381105710995,27.192228073088632,8.876749428263986,0.7867245413787479,4.440649767681397,Lean R,-4.0064647903488435,8.0,0.1773584905660377,0.7576079054256301,0.24239209457368874,6.811836386463726e-13,11.259530177900327,10.29063144542108,0.8334843164755674,fixture
H-CA-41,House,CA,True,3.0,True,0.35912964179429097,4.405903076188627,3.8920526025765585,0.9195574444635765,27.192228073088632,8.876749428263986,0.7867245413787479,4.440649767681397,Lean R,-4.0064647903488435,8.0,0.1773584905660377,0.7576079054256301,0.24239209457368874,6.811836386463726e-13,6.863260574454714,12.759242099505888,0.6898914629559605,fixture
H-CA-42,House,CA,False,,True,31.027748425406546,15.83663609794825,15.66276420933507,0.0,34.133525299557704,8.876749428263986,0.7867245413787479,4.440649767681397,Safe D,36.37381687252061,23.828041042540573,0.9997474747474747,0.11545037360314417,0.8671217182255274,0.017427908171328468,33.814005794919545,10.375113678151761,0.9978775009398817,fixture
H-CA-43,House,CA,False,,True,31.33359928984528,16.074674570621443,16.00047260809861,0.0,34.133525299557704,8.876749428263986,0.7867245413787479,4.440649767681397,Safe D,36.37381687252061,23.828041042540573,0.9997474747474747,0.11545037360314417,0.8671217182255274,0.017427908171328468,33.84931639148584,10.425462674960414,0.9978255964530139,fixture
H-CA-44,House,CA,False,,True,30.960283002954824,15.535226634513961,15.384950069299988,0.0,34.133525299557704,8.876749428263986,0.7867245413787479,4.440649767681397,Safe D,36.37381687252061,23.828041042540573,0.9997474747474747,0.11545037360314417,0.8671217182255274,0.017427908171328468,33.8062168866922,10.329135295157016,0.9979377447067381,fixture
H-CA-45,House,CA,True,2.0,True,8.799093133669565,4.674793805262962,4.151855239296185,0.9094390643918756,34.133525299557704,8.876749428263986,0.7867245413787479,4.440649767681397,Lean D,4.0064647903488435,8.0,0.8226415094339623,0.7576079054256301,0.24239209457368874,6.811836386463726e-13,14.93995921119096,12.248444067843058,0.8679760094958686,fixture
H-CA-46,House,CA,False,,True,31.216146637231997,15.762264984469141,15.633208163260532,0.0,34.133525299557704,8.876749428263986,0.7867245413787479,4.440649767681397,Safe D,36.37381687252061,23.828041042540573,0.9997474747474747,0.11545037360314417,0.8671217182255274,0.017427908171328468,33.835756438860955,10.364295096892002,0.9979050227163327,fixture
H-CA-47,House,CA,True,3.0,True,19.09638139028729,4.157009861905807,3.5901925844275273,0.9283892717140994,34.133525299557704,8.876749428263986,0.7867245413787479,4.440649767681397,Lean D,4.0064647903488435,8.0,0.8226415094339623,0.7576079054256301,0.24239209457368874,6.811836386463726e-13,22.74126619885105,8.389775837490513,0.9886858638032703,fixture
H-CA-48,House,CA,False,,True,24.217115148196047,15.932417090583472,15.82267513212629,0.0,27.192228073088632,8.876749428263986,0.7867245413787479,4.440649767681397,Safe R,-36.37381687252061,23.828041042540573,0.0002525252525252819,0.11545037360314417,0.8671217182255274,0.017427908171328468,25.740926980271627,13.28385551221194,0.9626223089056118,fixture
H-CA-49,House,CA,False,,True,31.40996485302314,16.13017713917835,15.99090575382139,0.0,34.133525299557704,8.876749428263986,0.7867245413787479,4.440649767681397,Lean D,4.0064647903488435,8.0,0.8226415094339623,0.11545037360314417,0.8671217182255274,0.017427908171328468,33.29403758444799,10.72069563991989,0.996972193529162,fixture
H-CA-50,House,CA,False,,True,30.55818918198601,15.621618680209473,15.49310328832144,0.0,34.133525299557704,8.876749428263986,0.7867245413787479,4.440649767681397,Safe D,36.37381687252061,23.828041042540573,0.9997474747474747,0.11545037360314417,0.8671217182255274,0.017427908171328468,33.759795004837834,10.361338121559331,0.9978663392104861,fixture
H-CA-51,House,CA,False,,True,30.96884043474146,16.00920755617991,15.878548225821145,0.0,34.133525299557704,8.876749428263986,0.7867245413787479,4.440649767681397,Safe D,36.37381687252061,23.828041042540573,0.9997474747474747,0.11545037360314417,0.8671217182255274,0.017427908171328468,33.80720484538905,10.414749381079023,0.9978167675698569,fixture
H-CA-52,House,CA,False,,True,31.476719640535087,15.970384075107768,15.855915037815397,0.0,34.133525299557704,8.876749428263986,0.7867245413787479,4.440649767681397,Safe D,36.37381687252061,23.828041042540573,0.9997474747474747,0.11545037360314417,0.8671217182255274,0.017427908171328468,33.86583968944319,10.396036238124598,0.9978771253007046,fixture
H-CO-01,House,CO,False,,False,60.59181177703569,6.672806621734217,6.444748202742642,0.0,61.84594206507144,6.541917181697197,0.7867245413787479,4.440649767681397,Safe D,36.37381687252061,23.828041042540573,0.9997474747474747,0.11545037360314417,0.8671217182255274,0.017427908171328468,61.257226395986336,7.933663152832872,0.9999999998306787,fixture
H-CO-02,House,CO,False,,False,39.65388720451652,6.778698831977783,6.504569607468862,0.0,40.78017819778468,6.541917181697197,0.7867245413787479,4.440649767681397,Safe D,36.37381687252061,23.828041042540573,0.9997474747474747,0.11545037360314417,0.8671217182255274,0.017427908171328468,40.57335382127962,7.2340698611173515,0.9999948987974251,fixture
H-CO-03,House,CO,True,1.0,False,-10.589562091148595,5.070954606327392,4.563977899329069,0.3991454390581486,-10.524220636062667,6.541917181697197,0.7867245413787479,4.440649767681397,Likely R,-8.311389359756497,10.0,0.0627450980392158,0.7576079054256301,0.24239209457368874,6.811836386463726e-13,-10.573723838986272,5.114220724114672,0.07430149729089792,fixture
H-CO-04,House,CO,True,1.0,False,-22.10384881249911,4.440489914577102,3.97979753875282,0.5392644828736256,-20.832722299133135,6.541917181697197,0.7867245413787479,4.440649767681397,Safe R,-36.37381687252061,23.828041042540573,0.0002525252525252819,0.7576079054256301,0.24239209457368874,6.811836386463726e-13,-21.7957377944659,4.761290164732052,0.000990639605681232,fixture
H-CO-05,House,CO,False,,False,-15.039004920013172,7.088372441255878,6.82006004607238,0.0,-13.84745301723059,6.541917181697197,0.7867245413787479,4.440649767681397,Safe R,-36.37381687252061,23.828041042540573,0.0002525252525252819,0.11545037360314417,0.8671217182255274,0.017427908171328468,-14.377605530278304,7.816742317447411,0.06831774933467619,fixture
H-CO-06,House,CO,True,1.0,False,20.901901606122294,4.960832859958364,4.526522710777884,0.4249586083115744,25.65091068042359,6.541917181697197,0.7867245413787479,4.440649767681397,Safe D,36.37381687252061,23.828041042540573,0.9997474747474747,0.7576079054256301,0.24239209457368874,6.811836386463726e-13,22.053023862802178,5.480704513540132,0.9982067088444128,fixture
H-CO-07,House,CO,False,,False,14.45413733930727,7.078642980936662,6.8082206327582515,0.0,15.488941478209004,6.541917181697197,0.7867245413787479,4.440649767681397,Lean D,4.0064647903488435,8.0,0.8226415094339623,0.11545037360314417,0.8671217182255274,0.017427908171328468,15.169357404471272,6.7746566221800775,0.956962946796394,fixture
H-CO-08,House,CO,True,9.0,False,4.684261474864897,3.3241838549893656,2.5405740311970666,0.7417977704091374,0.5825350283756752,6.541917181697197,0.7867245413787479,4.440649767681397,Toss-up,0.0,8.0,0.5,0.7576079054256301,0.24239209457368874,6.811836386463726e-13,3.6900354101288904,4.284055034434869,0.7071361454324239,fixture
H-CT-01,House,CT,False,,False,27.721235282697215,7.001693981900346,6.752672633866774,0.0,29.256083508059934,6.541917181697197,0.7867245413787479,4.440649767681397,Safe D,36.37381687252061,23.828041042540573,0.9997474747474747,0.11545037360314417,0.8671217182255274,0.017427908171328468,29.20293191048151,7.309003222240096,0.9991999616968302,fixture
H-CT-02,House,CT,False,,False,10.868937016781501,7.057065731769661,6.7562046932833635,0.0,12.683820290380414,6.541917181697197,0.7867245413787479,4.440649767681397,Toss-up,0.0,8.0,0.5,0.11545037360314417,0.8671217182255274,0.017427908171328468,12.25323888311494,6.818640600511087,0.9163961799161112,fixture
H-CT-03,House,CT,True,1.0,False,15.937796438999978,4.627458703551296,4.18292462638874,0.4996487146588239,21.11986469170019,6.541917181697197,0.7867245413787479,4.440649767681397,Likely D,8.311389359756497,10.0,0.9372549019607842,0.7576079054256301,0.24239209457368874,6.811836386463726e-13,17.193888816990604,5.3442233902748875,0.989437203124097,fixture
H-CT-04,House,CT,False,,False,30.052664673618498,7.268648607906517,6.965548909528875,0.0,31.852669230067757,6.541917181697197,0.7867245413787479,4.440649767681397,Safe D,36.37381687252061,23.828041042540573,0.9997474747474747,0.11545037360314417,0.8671217182255274,0.017427908171328468,31.72365217748002,7.302071524638636,0.9996985767195642,fixture
H-CT-05,House,CT,True,1.0,False,7.574715750956334,4.854047842073035,4.333612028816726,0.4494484098847332,12.327490912553646,6.541917181697197,0.7867245413787479,4.440649767681397,Toss-up,0.0,8.0,0.5,0.7576079054256301,0.24239209457368874,6.811836386463726e-13,8.726750877408548,5.361882025354613,0.8783398774605276,fixture
H-DE-01,House,DE,False,,False,21.694478191058966,7.059389007017162,6.777757615803209,0.0,23.012718706089263,6.541917181697197,0.7867245413787479,4.440649767681397,Likely D,8.311389359756497,10.0,0.9372549019607842,0.11545037360314417,0.8671217182255274,0.017427908171328468,22.604313928285872,6.925084052163494,0.9942099345609723,fixture
H-FL-01,House,FL,False,,False,-33.3527473777043,6.879080555461938,6.57066282869388,0.0,-32.748826338440125,6.541917181697197,0.7867245413787479,4.440649767681397,Safe R,-36.37381687252061,23.828041042540573,0.0002525252525252819,0.11545037360314417,0.8671217182255274,0.017427908171328468,-32.881725250199864,7.2279276318613865,0.00017300934755978814,fixture
H-FL-02,House,FL,False,,False,-13.203328134986624,7.063996042478926,6.736463936301685,0.0,-12.506185215292104,6.541917181697197,0.7867245413787479,4.440649767681397,Safe R,-36.37381687252061,23.828041042540573,0.0002525252525252819,0.11545037360314417,0.8671217182255274,0.017427908171328468,-13.002633518614894,7.8728584904996355,0.090157167873409,fixture
H-FL-03,House,FL,False,,False,-14.735514891846199,7.024600589643975,6.706147597064709,0.0,-14.063790478457095,6.541917181697197,0.7867245413787479,4.440649767681397,Safe R,-36.37381687252061,23.828041042540573,0.0002525252525252819,0.11545037360314417,0.8671217182255274,0.017427908171328468,-14.530158404236873,7.791422625111247,0.06585069857779345,fixture
H-FL-04,House,FL,False,,False,-12.111010990769527,7.048861962740641,6.752191623646191,0.0,-11.377652072264718,6.541917181697197,0.7867245413787479,4.440649767681397,Safe R,-36.37381687252061,23.828041042540573,0.0002525252525252819,0.11545037360314417,0.8671217182255274,0.017427908171328468,-11.89794949816555,7.9340517708219975,0.11128658138141989,fixture
H-FL-05,House,FL,False,,False,-19.63945070341306,6.936463434568671,6.638464957741882,0.0,-18.886409471275492,6.541917181697197,0.7867245413787479,4.440649767681397,Safe R,-36.37381687252061,23.828041042540573,0.0002525252525252819,0.11545037360314417,0.8671217182255274,0.017427908171328468,-19.27811729320786,7.5719568535505,0.020809481417330217,fixture
H-FL-06,House,FL,False,,False,-24.023377412800837,7.057358081228802,6.74848127174749,0.0,-23.129400597068287,6.541917181697197,0.7867245413787479,4.440649767681397,Safe R,-36.37381687252061,23.828041042540573,0.0002525252525252819,0.11545037360314417,0.8671217182255274,0.017427908171328468,-23.463433025068593,7.436444742751423,0.006066292465013622,fixture
H-FL-07,House,FL,True,2.0,False,-6.433968727637593,4.42481915869552,3.7830334744208436,0.542510671432195,-10.13297323683957,6.541917181697197,0.7867245413787479,4.440649767681397,Likely R,-8.311389359756497,10.0,0.0627450980392158,0.7576079054256301,0.24239209457368874,6.811836386463726e-13,-7.330578178461858,4.871202822732335,0.15164816429344913,fixture
H-FL-08,House,FL,True,1.0,False,-16.5610040992003,4.632393657825598,4.091882338231248,0.49858094614152315,-18.63016838753734,6.541917181697197,0.7867245413787479,4.440649767681397,Safe R,-36.37381687252061,23.828041042540573,0.0002525252525252819,0.7576079054256301,0.24239209457368874,6.811836386463726e-13,-17.062553165080885,4.8831159859356505,0.008384521837495615,fixture
H-FL-09,House,FL,True,1.0,False,21.962469061603713,4.970925360907602,4.469805203675521,0.4226164575114668,24.938938620772724,6.541917181697197,0.7867245413787479,4.440649767681397,Safe D,36.37381687252061,23.828041042540573,0.9997474747474747,0.7576079054256301,0.24239209457368874,6.811836386463726e-13,22.68394175249533,5.209305532680934,0.9989447119440503,fixture
H-FL-10,House,FL,False,,False,36.405877540670105,6.943309579427842,6.590845671018618,0.0,37.20868169466311,6.541917181697197,0.7867245413787479,4.440649767681397,Safe D,36.37381687252061,23.828041042540573,0.9997474747474747,0.11545037360314417,0.8671217182255274,0.017427908171328468,37.10144770769869,7.217700708965765,0.9999733750727305,fixture
H-FL-11,House,FL,True,1.0,False,-11.580787334142146,4.632102507496682,4.142418230554601,0.4986439734856941,-15.164319594087699,6.541917181697197,0.7867245413787479,4.440649767681397,Safe R,-36.37381687252061,23.828041042540573,0.0002525252525252819,0.7576079054256301,0.24239209457368874,6.811836386463726e-13,-12.449407224619621,5.072679205540903,0.04330044922125847,fixture
H-FL-12,House,FL,False,,False,-29.709398414095652,6.954331581190819,6.666012910968403,0.0,-29.003163034091973,6.541917181697197,0.7867245413787479,4.440649767681397,Safe R,-36.37381687252061,23.828041042540573,0.0002525252525252819,0.11545037360314417,0.8671217182255274,0.017427908171328468,-29.213153250823943,7.286664357781233,0.0007806939388764944,fixture
H-FL-13,House,FL,False,,False,-9.34474600776299,7.020920101377807,6.693990155539607,0.0,-8.470736197814835,6.541917181697197,0.7867245413787479,4.440649767681397,Likely R,-8.311389359756497,10.0,0.0627450980392158,0.11545037360314417,0.8671217182255274,0.017427908171328468,-8.568863874845091,6.641159620066638,0.1633167252834259,fixture
H-FL-14,House,FL,True,1.0,False,11.235138916653785,4.801959955527562,4.358199003898956,0.4612007475377412,23.072630580624075,6.541917181697197,0.7867245413787479,4.440649767681397,Likely D,8.311389359756497,10.0,0.9372549019607842,0.7576079054256301,0.24239209457368874,6.811836386463726e-13,14.10445331558013,7.106055506875935,0.9452689328320556,fixture
H-FL-15,House,FL,True,2.0,False,-9.302992683989874,4.307250649642976,3.7382656408844634,0.5664988971169331,-3.7026154692635815,6.541917181697197,0.7867245413787479,4.440649767681397,Lean R,-4.0064647903488435,8.0,0.1773584905660377,0.7576079054256301,0.24239209457368874,6.811836386463726e-13,-7.945505520505999,5.1691910345200816,0.13911504359429677,fixture
H-FL-16,House,FL,True,1.0,False,-10.571239083303798,5.173000397733828,4.732168958862654,0.37471942083830345,-9.039687353018014,6.541917181697197,0.7867245413787479,4.440649767681397,Likely R,-8.311389359756497,10.0,0.0627450980392158,0.7576079054256301,0.24239209457368874,6.811836386463726e-13,-10.200003051450329,5.269702300675107,0.08516743040183655,fixture
H-FL-17,House,FL,True,2.0,False,-14.845510821594068,4.121013225339407,3.590489746240749,0.6031759977769167,-18.029478707498164,6.541917181697197,0.7867245413787479,4.440649767681397,Safe R,-36.37381687252061,23.828041042540573,0.0002525252525252819,0.7576079054256301,0.24239209457368874,6.811836386463726e-13,-15.617279466528386,4.690631877422062,0.01283960391912773,fixture
H-FL-18,House,FL,False,,False,-25.29041394494039,6.9246409471535,6.662482645978057,0.0,-24.546289620452104,6.541917181697197,0.7867245413787479,4.440649767681397,Safe R,-36.37381687252061,23.828041042540573,0.0002525252525252819,0.11545037360314417,0.8671217182255274,0.017427908171328468,-24.8383281105644,7.385553331824961,0.0038293072687370956,fixture
H-FL-19,House,FL,False,,False,-22.52008504161056,7.053394956603894,6.756077231446512,0.0,-21.784699315116423,6.541917181697197,0.7867245413787479,4.440649767681397,Safe R,-36.37381687252061,23.828041042540573,0.0002525252525252819,0.11545037360314417,0.8671217182255274,0.017427908171328468,-22.123857673073747,7.478740402224938,0.009221969038976947,fixture
H-FL-20,House,FL,False,,False,51.69678719754648,6.958545252175758,6.679126649240778,0.0,52.684107490373925,6.541917181697197,0.7867245413787479,4.440649767681397,Safe D,36.37381687252061,23.828041042540573,0.9997474747474747,0.11545037360314417,0.8671217182255274,0.017427908171328468,52.285866746565404,7.532968316976033,0.9999999852035768,fixture
H-FL-21,House,FL,True,1.0,False,-13.655382718489987,4.8397625155266475,4.39921764250003,0.4526841572628032,-9.818099602626384,6.541917181697197,0.7867245413787479,4.440649767681397,Likely R,-8.311389359756497,10.0,0.0627450980392158,0.7576079054256301,0.24239209457368874,6.811836386463726e-13,-12.725255626559917,5.266846794722173,0.0429832342389346,fixture
H-FL-22,House,FL,False,,False,21.989294324294516,6.899733594564913,6.564236567743236,0.0,22.797726416484434,6.541917181697197,0.7867245413787479,4.440649767681397,Likely D,8.311389359756497,10.0,0.9372549019607842,0.11545037360314417,0.8671217182255274,0.017427908171328468,22.451926077444767,6.887712104072793,0.9940615410349292,fixture
H-FL-23,House,FL,False,,False,17.195285045194456,6.998487732521023,6.674670866608337,0.0,18.206051755480964,6.541917181697197,0.7867245413787479,4.440649767681397,Likely D,8.311389359756497,10.0,0.9372549019607842,0.11545037360314417,0.8671217182255274,0.017427908171328468,17.916915093533785,6.76289848060315,0.9787936722517493,fixture
H-FL-24,House,FL,False,,False,57.160693260962866,6.863239110044226,6.573727095250597,0.0,57.8822480764765,6.541917181697197,0.7867245413787479,4.440649767681397,Safe D,36.37381687252061,23.828041042540573,0.9997474747474747,0.11545037360314417,0.8671217182255274,0.017427908171328468,57.424097339518426,7.739942299990362,0.9999999989063169,fixture
H-FL-25,House,FL,False,,False,26.061452907362145,6.875777484803594,6.581519645325052,0.0,26.81734379872194,6.541917181697197,0.7867245413787479,4.440649767681397,Safe D,36.37381687252061,23.828041042540573,0.9997474747474747,0.11545037360314417,0.8671217182255274,0.017427908171328468,26.896625248083176,7.325112243115503,0.9981499751261693,fixture
H-FL-26,House,FL,True,2.0,False,-6.1063686638423595,4.427572915499222,3.903035571337876,0.5419410633535311,-9.823273339632847,6.541917181697197,0.7867245413787479,4.440649767681397,Likely R,-8.311389359756497,10.0,0.0627450980392158,0.7576079054256301,0.24239209457368874,6.811836386463726e-13,-7.007316973539455,4.944873060556049,0.16427200411335163,fixture
H-FL-27,House,FL,True,2.0,False,5.505388345785199,4.629843774299394,4.0074524128211175,0.4991328026503914,3.752018714379046,6.541917181697197,0.7867245413787479,4.440649767681397,Toss-up,0.0,8.0,0.5,0.7576079054256301,0.24239209457368874,6.811836386463726e-13,5.080385408263014,4.806773696680707,0.7634305288617349,fixture
H-FL-28,House,FL,True,5.0,False,3.0827534195766124,3.470682635819785,2.814692050158822,0.7185380304667299,-0.6942915274487054,6.541917181697197,0.7867245413787479,4.440649767681397,Lean R,-4.0064647903488435,8.0,0.1773584905660377,0.7576079054256301,0.24239209457368874,6.811836386463726e-13,2.1672275835633497,4.358384305003009,0.6248788737433131,fixture
H-GA-01,House,GA,False,,False,-16.108419915935492,7.184732619433191,6.861922186104516,0.0,-15.381531887208022,6.541917181697197,0.7867245413787479,4.440649767681397,Safe R,-36.37381687252061,23.828041042540573,0.0002525252525252819,0.11545037360314417,0.8671217182255274,0.017427908171328468,-15.831302996722647,7.74467119676272,0.04958704513902689,fixture
H-GA-02,House,GA,True,6.0,False,9.927571800631693,3.403369512705702,2.6473649319530765,0.7293499419070333,13.96367865609058,6.541917181697197,0.7867245413787479,4.440649767681397,Lean D,4.0064647903488435,8.0,0.8226415094339623,0.7576079054256301,0.24239209457368874,6.811836386463726e-13,10.905892195245563,4.321434714645667,0.9459112581399157,fixture
H-GA-03,House,GA,False,,False,-33.42628852832309,6.889532675090958,6.608814571760309,0.0,-32.515161561639246,6.541917181697197,0.7867245413787479,4.440649767681397,Safe R,-36.37381687252061,23.828041042540573,0.0002525252525252819,0.11545037360314417,0.8671217182255274,0.017427908171328468,-32.68759980076564,7.236927912925884,0.00018949405550513452,fixture
H-GA-04,House,GA,False,,False,55.89125392081192,7.020285898814732,6.661299675020734,0.0,56.978970035915836,6.541917181697197,0.7867245413787479,4.440649767681397,Safe D,36.37381687252061,23.828041042540573,0.9997474747474747,0.11545037360314417,0.8671217182255274,0.017427908171328468,56.49428808686511,7.709022242595235,0.9999999982009754,fixture
H-GA-05,House,GA,False,,False,65.52619252557523,6.901326941036715,6.642167879091912,0.0,66.29844131924222,6.541917181697197,0.7867245413787479,4.440649767681397,Safe D,36.37381687252061,23.828041042540573,0.9997474747474747,0.11545037360314417,0.8671217182255274,0.017427908171328468,65.68776130057984,8.209803592901604,0.9999999999767542,fixture
H-GA-06,House,GA,False,,False,-13.504964283826132,7.04154371961151,6.767898626721399,0.0,-12.881934914758059,6.541917181697197,0.7867245413787479,4.440649767681397,Safe R,-36.37381687252061,23.828041042540573,0.0002525252525252819,0.11545037360314417,0.8671217182255274,0.017427908171328468,-13.363278249714273,7.856478117472638,0.08397269583786537,fixture
H-GA-07,House,GA,True,1.0,False,19.848224920556873,4.865990327580831,4.40633222367475,0.4467360169174377,18.085021108945494,6.541917181697197,0.7867245413787479,4.440649767681397,Safe D,36.37381687252061,23.828041042540573,0.9997474747474747,0.7576079054256301,0.24239209457368874,6.811836386463726e-13,19.420838255511335,5.064980107035257,0.9962207551855231,fixture
H-GA-08,House,GA,False,,False,-30.437925881743283,6.894604093707204,6.666470108609615,0.0,-29.544937959819404,6.541917181697197,0.7867245413787479,4.440649767681397,Safe R,-36.37381687252061,23.828041042540573,0.0002525252525252819,0.11545037360314417,0.8671217182255274,0.017427908171328468,-29.767046823632292,7.279515986560297,0.0006299371527384647,fixture
H-GA-09,House,GA,False,,False,-41.10968214897865,7.100160833734573,6.823563124303142,0.0,-40.39927828386601,6.541917181697197,0.7867245413787479,4.440649767681397,Safe R,-36.37381687252061,23.828041042540573,0.0002525252525252819,0.11545037360314417,0.8671217182255274,0.017427908171328468,-40.41113930367823,7.260928953882221,5.796361124505886e-06,fixture
H-GA-10,House,GA,False,,False,-26.869745838262723,6.846663060943293,6.537036235845429,0.0,-26.334304909501174,6.541917181697197,0.7867245413787479,4.440649767681397,Safe R,-36.37381687252061,23.828041042540573,0.0002525252525252819,0.11545037360314417,0.8671217182255274,0.017427908171328468,-26.57108945734557,7.326132423088828,0.002070072751950142,fixture
H-GA-11,House,GA,False,,False,-20.57535238728089,6.937014654073483,6.630516435314015,0.0,-19.656007554383766,6.541917181697197,0.7867245413787479,4.440649767681397,Safe R,-36.37381687252061,23.828041042540573,0.0002525252525252819,0.11545037360314417,0.8671217182255274,0.017427908171328468,-20.053502704434127,7.542620191708149,0.016813347248340382,fixture
H-GA-12,House,GA,True,1.0,False,-7.511456008403004,4.639258788822852,4.137062048044679,0.4970936553518468,-12.89838270076548,6.541917181697197,0.7867245413787479,4.440649767681397,Safe R,-36.37381687252061,23.828041042540573,0.0002525252525252819,0.7576079054256301,0.24239209457368874,6.811836386463726e-13,-8.817204452699317,5.35436666626847,0.11876325582452851,fixture
H-GA-13,House,GA,False,,False,58.42025667831544,6.974827221563341,6.653461185320855,0.0,59.26090788677986,6.541917181697197,0.7867245413787479,4.440649767681397,Safe D,36.37381687252061,23.828041042540573,0.9997474747474747,0.11545037360314417,0.8671217182255274,0.017427908171328468,58.764980270187365,7.81540807682435,0.9999999994150249,fixture
H-GA-14,House,GA,False,,False,-40.28978543028316,6.862950348892382,6.621797677726629,0.0,-39.51591442738295,6.541917181697197,0.7867245413787479,4.440649767681397,Safe R,-36.37381687252061,23.828041042540573,0.0002525252525252819,0.11545037360314417,0.8671217182255274,0.017427908171328468,-39.55049793613693,7.2323833515155185,8.455083703417623e-06,fixture
H-HI-01,House,HI,False,,False,38.74216865716648,6.7690039082251054,6.5127424705965895,0.0,39.963113429340765,6.541917181697197,0.7867245413787479,4.440649767681397,Safe D,36.37381687252061,23.828041042540573,0.9997474747474747,0.11545037360314417,0.8671217182255274,0.017427908171328468,39.75960096845251,7.228914339065306,0.9999924162468906,fixture
H-HI-02,House,HI,False,,False,38.585799411807216,7.005860777688946,6.724531446723655,0.0,39.7251873746055,6.541917181697197,0.7867245413787479,4.440649767681397,Safe D,36.37381687252061,23.828041042540573,0.9997474747474747,0.11545037360314417,0.8671217182255274,0.017427908171328468,39.535237231263075,7.248117047127705,0.9999912561354743,fixture
H-ID-01,House,ID,False,,False,-40.88753090369044,6.879915507512819,6.596345882782685,0.0,-39.83238721667087,6.541917181697197,0.7867245413787479,4.440649767681397,Safe R,-36.37381687252061,23.828041042540573,0.0002525252525252819,0.11545037360314417,0.8671217182255274,0.017427908171328468,-39.89392830318034,7.236141000679674,7.183568837248833e-06,fixture
H-ID-02,House,ID,False,,False,-23.396883591521853,7.021803487920333,6.735078195215311,0.0,-22.119430692639856,6.541917181697197,0.7867245413787479,4.440649767681397,Safe R,-36.37381687252061,23.828041042540573,0.0002525252525252819,0.11545037360314417,0.8671217182255274,0.017427908171328468,-22.515337240457818,7.470933069458397,0.00820039761031224,fixture
H-IL-01,House,IL,False,,False,46.17896939307058,6.91426782676582,6.626320509689415,0.0,48.13486170874306,6.541917181697197,0.7867245413787479,4.440649767681397,Safe D,36.37381687252061,23.828041042540573,0.9997474747474747,0.11545037360314417,0.8671217182255274,0.017427908171328468,47.70408280076659,7.3987183418330975,0.9999998439592714,fixture
H-IL-02,House,IL,False,,False,42.70522024841071,6.722856214780456,6.413576777081435,0.0,44.5763089549322,6.541917181697197,0.7867245413787479,4.440649767681397,Safe D,36.37381687252061,23.828041042540573,0.9997474747474747,0.11545037360314417,0.8671217182255274,0.017427908171328468,44.217338785931354,7.2939630434507,0.9999991433800816,fixture
H-IL-03,House,IL,False,,False,44.35559492052251,7.233522027146568,6.978703097874752,0.0,46.20168076608728,6.541917181697197,0.7867245413787479,4.440649767681397,Safe D,36.37381687252061,23.828041042540573,0.9997474747474747,0.11545037360314417,0.8671217182255274,0.017427908171328468,45.81727035605596,7.386255105955815,0.9999995647644908,fixture
H-IL-04,House,IL,False,,False,49.41232994930486,7.042107705359669,6.721594936833212,0.0,51.277201430576014,6.541917181697197,0.7867245413787479,4.440649767681397,Safe D,36.37381687252061,23.828041042540573,0.9997474747474747,0.11545037360314417,0.8671217182255274,0.017427908171328468,50.802166503821624,7.501191703940566,0.9999999668715318,fixture
H-IL-05,House,IL,False,,False,41.29229786966869,6.912108691441763,6.660916628669453,0.0,43.17890140307635,6.541917181697197,0.7867245413787479,4.440649767681397,Safe D,36.37381687252061,23.828041042540573,0.9997474747474747,0.11545037360314417,0.8671217182255274,0.017427908171328468,42.84249393200677,7.296038155070748,0.9999982154529506,fixture
H-IL-06,House,IL,True,2.0,False,7.941280361985267,4.021341017013776,3.4727913905269174,0.622139301016083,15.712564501820061,6.541917181697197,0.7867245413787479,4.440649767681397,Lean D,4.0064647903488435,8.0,0.8226415094339623,0.7576079054256301,0.24239209457368874,6.811836386463726e-13,9.824978202164429,5.531814720692519,0.9022075346760794,fixture
H-IL-07,House,IL,False,,False,74.01835639014084,6.8569937060331805,6.5947158983996985,0.0,75.76484673355206,6.541917181697197,0.7867245413787479,4.440649767681397,Safe D,36.37381687252061,23.828041042540573,0.9997474747474747,0.11545037360314417,0.8671217182255274,0.017427908171328468,74.87671051971886,8.867438976289895,0.999999999999429,fixture
H-IL-08,House,IL,True,2.0,False,13.090175345318526,4.1255489255015325,3.6041212923798494,0.6023020063148822,20.90232316077036,6.541917181697197,0.7867245413787479,4.440649767681397,Likely D,8.311389359756497,10.0,0.9372549019607842,0.7576079054256301,0.24239209457368874,6.811836386463726e-13,14.983778217421907,5.605536795195646,0.9750249379038047,fixture
H-IL-09,House,IL,False,,False,43.584862512016564,7.030619276425069,6.7669075689412015,0.0,45.50645280074822,6.541917181697197,0.7867245413787479,4.440649767681397,Safe D,36.37381687252061,23.828041042540573,0.9997474747474747,0.11545037360314417,0.8671217182255274,0.017427908171328468,45.12544174368265,7.350263327348023,0.999999411493572,fixture
H-IL-10,House,IL,False,,False,27.74069385892158,7.118963789568583,6.908495306953713,0.0,29.6284796909904,6.541917181697197,0.7867245413787479,4.440649767681397,Safe D,36.37381687252061,23.828041042540573,0.9997474747474747,0.11545037360314417,0.8671217182255274,0.017427908171328468,29.52809122837969,7.328678299820802,0.9992779266274258,fixture
H-IL-11,House,IL,False,,False,17.488853142502975,6.925964391163211,6.702343342664179,0.0,19.285766456794846,6.541917181697197,0.7867245413787479,4.440649767681397,Likely D,8.311389359756497,10.0,0.9372549019607842,0.11545037360314417,0.8671217182255274,0.017427908171328468,18.887051707042673,6.808207041981081,0.9834532256207829,fixture
H-IL-12,House,IL,False,,False,-42.34564824585473,6.846140910148003,6.648397622458865,0.0,-40.686392467340895,6.541917181697197,0.7867245413787479,4.440649767681397,Safe R,-36.37381687252061,23.828041042540573,0.0002525252525252819,0.11545037360314417,0.8671217182255274,0.017427908171328468,-40.80279499542505,7.261993180279128,4.773064706396002e-06,fixture
H-IL-13,House,IL,True,1.0,False,14.291828859270137,4.4350145539098635,3.972241222665041,0.5404000052459095,16.03512348718648,6.541917181697197,0.7867245413787479,4.440649767681397,Lean D,4.0064647903488435,8.0,0.8226415094339623,0.7576079054256301,0.24239209457368874,6.811836386463726e-13,14.714389695582831,4.783903791852645,0.9814021430070142,fixture
H-IL-14,House,IL,True,1.0,False,13.39349354101382,4.674819094423353,4.255364371907293,0.4893544696786267,16.022548484222412,6.541917181697197,0.7867245413787479,4.440649767681397,Lean D,4.0064647903488435,8.0,0.8226415094339623,0.7576079054256301,0.24239209457368874,6.811836386463726e-13,14.030755675441064,5.036043139761057,0.9736690136631423,fixture
H-IL-15,House,IL,False,,False,-38.481279136486336,7.032309943701716,6.7544645770992835,0.0,-36.93743678489774,6.541917181697197,0.7867245413787479,4.440649767681397,Safe R,-36.37381687252061,23.828041042540573,0.0002525252525252819,0.11545037360314417,0.8671217182255274,0.017427908171328468,-37.10585124509657,7.247384516065477,2.7756840151633644e-05,fixture
H-IL-16,House,IL,False,,False,-23.39611751810982,7.234056431611372,6.978371519494606,0.0,-21.423384336174333,6.541917181697197,0.7867245413787479,4.440649767681397,Safe R,-36.37381687252061,23.828041042540573,0.0002525252525252819,0.11545037360314417,0.8671217182255274,0.017427908171328468,-21.91169188441319,7.532163883251227,0.010077832177251831,fixture
H-IL-17,House,IL,True,3.0,False,8.25597598847132,3.9237778025317427,3.387759861034633,0.6402517182408018,13.251903198445964,6.541917181697197,0.7867245413787479,4.440649767681397,Lean D,4.0064647903488435,8.0,0.8226415094339623,0.7576079054256301,0.24239209457368874,6.811836386463726e-13,9.466949249231863,4.863338152636282,0.9081272933248826,fixture
H-IN-01,House,IN,True,1.0,False,11.853726196923015,5.155720317144928,4.766037911588555,0.37888986407385783,15.885555453726985,6.541917181697197,0.7867245413787479,4.440649767681397,Lean D,4.0064647903488435,8.0,0.8226415094339623,0.7576079054256301,0.24239209457368874,6.811836386463726e-13,12.83100973543786,5.528823269908859,0.9538274472878568,fixture
H-IN-02,House,IN,False,,False,-22.921158610723957,7.021707266167049,6.754297082565947,0.0,-21.576931443731528,6.541917181697197,0.7867245413787479,4.440649767681397,Safe R,-36.37381687252061,23.828041042540573,0.0002525252525252819,0.11545037360314417,0.8671217182255274,0.017427908171328468,-21.990001732842906,7.491713170544173,0.009648358898585271,fixture
H-IN-03,House,IN,False,,False,-30.5531276939148,6.934195542973328,6.70885831648784,0.0,-29.169936094796594,6.541917181697197,0.7867245413787479,4.440649767681397,Safe R,-36.37381687252061,23.828041042540573,0.0002525252525252819,0.11545037360314417,0.8671217182255274,0.017427908171328468,-29.455174654350895,7.296938347212206,0.0007201952344982715,fixture
H-IN-04,House,IN,False,,False,-29.607180576633393,7.18262464704578,6.890037773211924,0.0,-28.399971146700583,6.541917181697197,0.7867245413787479,4.440649767681397,Safe R,-36.37381687252061,23.828041042540573,0.0002525252525252819,0.11545037360314417,0.8671217182255274,0.017427908171328468,-28.6783113774855,7.326983462880568,0.0009859014836890777,fixture
H-IN-05,House,IN,True,2.0,False,-17.884264149881744,4.070906471583267,3.527508479703724,0.612767173986867,-17.460706281391573,6.541917181697197,0.7867245413787479,4.440649767681397,Safe R,-36.37381687252061,23.828041042540573,0.0002525252525252819,0.7576079054256301,0.24239209457368874,6.811836386463726e-13,-17.78159707097784,4.453501605951278,0.004688585564394758,fixture
H-IN-06,House,IN,False,,False,-32.89112834956924,7.041611818353629,6.817111015875628,0.0,-31.59037018192627,6.541917181697197,0.7867245413787479,4.440649767681397,Safe R,-36.37381687252061,23.828041042540573,0.0002525252525252819,0.11545037360314417,0.8671217182255274,0.017427908171328468,-31.82390866801412,7.27392393218558,0.0002808595480271413,fixture
H-IN-07,House,IN,False,,False,43.24990263143284,6.835288831780185,6.60012325029501,0.0,44.689914812799515,6.541917181697197,0.7867245413787479,4.440649767681397,Safe D,36.37381687252061,23.828041042540573,0.9997474747474747,0.11545037360314417,0.8671217182255274,0.017427908171328468,44.3787326772207,7.306306525753349,0.9999991947435813,fixture
H-IN-08,House,IN,False,,False,-32.262291480039,7.0798430996926145,6.775580981847779,0.0,-30.723477622712874,6.541917181697197,0.7867245413787479,4.440649767681397,Safe R,-36.37381687252061,23.828041042540573,0.0002525252525252819,0.11545037360314417,0.8671217182255274,0.017427908171328468,-30.999607851029374,7.28414483852802,0.00039371719384005455,fixture
H-IN-09,House,IN,False,,False,-26.538704791118775,7.076738892258556,6.7988093457669025,0.0,-25.358302940218802,6.541917181697197,0.7867245413787479,4.440649767681397,Safe R,-36.37381687252061,23.828041042540573,0.0002525252525252819,0.11545037360314417,0.8671217182255274,0.017427908171328468,-25.686558140179194,7.383052719705429,0.0029040931889111705,fixture
H-IA-01,House,IA,True,2.0,False,-1.2701655278182196,4.175055618779738,3.589962525952215,0.5926999652399672,-0.7331707500330724,6.541917181697197,0.7867245413787479,4.440649767681397,Lean R,-4.0064647903488435,8.0,0.1773584905660377,0.7576079054256301,0.24239209457368874,6.811836386463726e-13,-1.140002238857609,4.4933789215711455,0.4340892015340188,fixture
H-IA-02,House,IA,True,3.0,False,3.7963945603867812,3.9487379166943124,3.387565932754975,0.6356602665393757,-2.1606198409868096,6.541917181697197,0.7867245413787479,4.440649767681397,Lean R,-4.0064647903488435,8.0,0.1773584905660377,0.7576079054256301,0.24239209457368874,6.811836386463726e-13,2.352461362226893,5.058079901976949,0.627121473857582,fixture
H-IA-03,House,IA,True,5.0,False,4.57656847723752,3.4599559365800885,2.7941424470781597,0.7202751482709012,0.8566405556574068,6.541917181697197,0.7867245413787479,4.440649767681397,Toss-up,0.0,8.0,0.5,0.7576079054256301,0.24239209457368874,6.811836386463726e-13,3.67488735665945,4.339303818963973,0.7056362706367056,fixture
H-IA-04,House,IA,False,,False,-23.446550358160316,6.902140264151159,6.5896136385063215,0.0,-22.723591479870638,6.541917181697197,0.7867245413787479,4.440649767681397,Safe R,-36.37381687252061,23.828041042540573,0.0002525252525252819,0.11545037360314417,0.8671217182255274,0.017427908171328468,-23.044952227129933,7.431195182022305,0.006857782994558694,fixture
H-KS-01,House,KS,False,,False,-30.366567363697403,7.126584786698479,6.792593834165485,0.0,-29.427418875416297,6.541917181697197,0.7867245413787479,4.440649767681397,Safe R,-36.37381687252061,23.828041042540573,0.0002525252525252819,0.11545037360314417,0.8671217182255274,0.017427908171328468,-29.656905105672216,7.295339368073362,0.0006666972739355744,fixture
H-KS-02,House,KS,False,,False,-17.807110621763556,7.035255760690415,6.729957620743987,0.0,-16.69883117661476,6.541917181697197,0.7867245413787479,4.440649767681397,Safe R,-36.37381687252061,23.828041042540573,0.0002525252525252819,0.11545037360314417,0.8671217182255274,0.017427908171328468,-17.169676296594325,7.674674554260641,0.03602300606540048,fixture
H-KS-03,House,KS,True,4.0,False,1.7944120267716452,3.726367457065587,3.0359284876512085,0.6755399182596544,6.90531481776076,6.541917181697197,0.7867245413787479,4.440649767681397,Lean R,-4.0064647903488435,8.0,0.1773584905660377,0.7576079054256301,0.24239209457368874,6.811836386463726e-13,3.0332544594380573,4.706720411187746,0.6670881135595408,fixture
H-KS-04,House,KS,False,,False,-24.132586696341974,7.191316999042217,6.98347178404916,0.0,-22.923655186513184,6.541917181697197,0.7867245413787479,4.440649767681397,Safe R,-36.37381687252061,23.828041042540573,0.0002525252525252819,0.11545037360314417,0.8671217182255274,0.017427908171328468,-23.29763496373679,7.471087993855666,0.006509970452313467,fixture
H-KY-01,House,KY,False,,False,-39.08387636640699,6.877237611015874,6.657970064888584,0.0,-37.8585595147334,6.541917181697197,0.7867245413787479,4.440649767681397,Safe R,-36.37381687252061,23.828041042540573,0.0002525252525252819,0.11545037360314417,0.8671217182255274,0.017427908171328468,-37.9741468446148,7.233340619602942,1.8106516450263857e-05,fixture
H-KY-02,House,KY,False,,False,-33.60708770929052,7.025375705910688,6.768303656972786,0.0,-32.426700065623336,6.541917181697197,0.7867245413787479,4.440649767681397,Safe R,-36.37381687252061,23.828041042540573,0.0002525252525252819,0.11545037360314417,0.8671217182255274,0.017427908171328468,-32.63176624933336,7.258386444974826,0.00019876263820459893,fixture
H-KY-03,House,KY,True,1.0,False,25.245277516664462,4.585265537953584,4.183197565964764,0.5087315219180552,29.17519448166256,6.541917181697197,0.7867245413787479,4.440649767681397,Safe D,36.37381687252061,23.828041042540573,0.9997474747474747,0.7576079054256301,0.24239209457368874,6.811836386463726e-13,26.197858321318606,5.144630064935627,0.999829416328332,fixture
H-KY-04,House,KY,False,,False,-29.858772975204687,6.93126894711642,6.619412150024684,0.0,-28.72427979585464,6.541917181697197,0.7867245413787479,4.440649767681397,Safe R,-36.37381687252061,23.828041042540573,0.0002525252525252819,0.11545037360314417,0.8671217182255274,0.017427908171328468,-28.988572886986127,7.291245408043071,0.0008520312972913589,fixture
H-KY-05,House,KY,False,,False,-54.37380933460925,6.732724454461616,6.481732731888508,0.0,-53.26861044283238,6.541917181697197,0.7867245413787479,4.440649767681397,Safe R,-36.37381687252061,23.828041042540573,0.0002525252525252819,0.11545037360314417,0.8671217182255274,0.017427908171328468,-53.10176515687686,7.546069898908527,9.324118093862488e-09,fixture
H-KY-06,House,KY,False,,False,-10.521718805193862,7.140044387972741,6.805885689259277,0.0,-9.366535836702516,6.541917181697197,0.7867245413787479,4.440649767681397,Likely R,-8.311389359756497,10.0,0.0627450980392158,0.11545037360314417,0.8671217182255274,0.017427908171328468,-9.481513146087316,6.660378232548252,0.1392757164415368,fixture
H-LA-01,House,LA,False,,False,-36.11908023314256,6.846229602095934,6.567761508683141,0.0,-34.86400994218863,6.541917181697197,0.7867245413787479,4.440649767681397,Safe R,-36.37381687252061,23.828041042540573,0.0002525252525252819,0.11545037360314417,0.8671217182255274,0.017427908171328468,-35.03522105271573,7.2233891744758445,6.837183016726074e-05,fixture
H-LA-02,House,LA,False,,False,60.8207979729959,6.9772259628336935,6.744630850956779,0.0,62.28930310614143,6.541917181697197,0.7867245413787479,4.440649767681397,Safe D,36.37381687252061,23.828041042540573,0.9997474747474747,0.11545037360314417,0.8671217182255274,0.017427908171328468,61.668110925586774,7.989042702539405,0.9999999998443037,fixture
H-LA-03,House,LA,False,,False,-38.584001639269,7.299937565968439,7.010417820552918,0.0,-37.28562928543252,6.541917181697197,0.7867245413787479,4.440649767681397,Safe R,-36.37381687252061,23.828041042540573,0.0002525252525252819,0.11545037360314417,0.8671217182255274,0.017427908171328468,-37.41963587575723,7.271185937236535,2.4860345043500976e-05,fixture
H-LA-04,House,LA,False,,False,-30.048617793431767,6.878003469626928,6.592225879244147,0.0,-28.856266530286728,6.541917181697197,0.7867245413787479,4.440649767681397,Safe R,-36.37381687252061,23.828041042540573,0.0002525252525252819,0.11545037360314417,0.8671217182255274,0.017427908171328468,-29.124939106120795,7.286913829194736,0.0008068838853617921,fixture
H-LA-05,House,LA,False,,False,-30.417217959198414,7.036610640869454,6.79672697684135,0.0,-29.142825712882743,6.541917181697197,0.7867245413787479,4.440649767681397,Safe R,-36.37381687252061,23.828041042540573,0.0002525252525252819,0.11545037360314417,0.8671217182255274,0.017427908171328468,-29.415975823754696,7.304964389430297,0.0007363443858960165,fixture
H-LA-06,House,LA,False,,False,-12.841774728369472,6.885604686368743,6.659721007380087,0.0,-11.506379346658575,6.541917181697197,0.7867245413787479,4.440649767681397,Safe R,-36.37381687252061,23.828041042540573,0.0002525252525252819,0.11545037360314417,0.8671217182255274,0.017427908171328468,-12.093938660041983,7.922335616142063,0.10729951042715546,fixture
H-ME-01,House,ME,False,,False,23.8598243480841,7.150708285330512,6.912892984911368,0.0,24.980704788606698,6.541917181697197,0.7867245413787479,4.440649767681397,Safe D,36.37381687252061,23.828041042540573,0.9997474747474747,0.11545037360314417,0.8671217182255274,0.017427908171328468,25.049856834168015,7.411119034318974,0.9963585829988754,fixture
H-ME-02,House,ME,True,2.0,False,-3.199381600058687,4.178836267238351,3.6028838924879687,0.5919619844391815,0.22716703067680832,6.541917181697197,0.7867245413787479,4.440649767681397,Likely R,-8.311389359756497,10.0,0.0627450980392158,0.7576079054256301,0.24239209457368874,6.811836386463726e-13,-2.3688133002995877,4.729064571467857,0.36798415569206877,fixture
H-MD-01,House,MD,False,,False,-22.191176240444545,7.245917977840984,6.972369342745459,0.0,-20.607467196666402,6.541917181697197,0.7867245413787479,4.440649767681397,Safe R,-36.37381687252061,23.828041042540573,0.0002525252525252819,0.11545037360314417,0.8671217182255274,0.017427908171328468,-21.065081491797113,7.551815202957692,0.012875283831348453,fixture
H-MD-02,House,MD,True,1.0,False,17.857821958708453,4.889371381199824,4.441937685485542,0.44140638310043245,20.25887019267415,6.541917181697197,0.7867245413787479,4.440649767681397,Likely D,8.311389359756497,10.0,0.9372549019607842,0.7576079054256301,0.24239209457368874,6.811836386463726e-13,18.439817069305352,5.136192653180241,0.9941072341308926,fixture
H-MD-03,House,MD,True,1.0,False,16.650580062928725,4.736838096013055,4.237459164648872,0.4757155244001612,23.26255376273396,6.541917181697197,0.7867245413787479,4.440649767681397,Likely D,8.311389359756497,10.0,0.9372549019607842,0.7576079054256301,0.24239209457368874,6.811836386463726e-13,18.253270217284978,5.657345628595555,0.9912041681225704,fixture
H-MD-04,House,MD,False,,False,78.77681924276825,7.10161772708605,6.810180657852647,0.0,80.36042333293786,6.541917181697197,0.7867245413787479,4.440649767681397,Safe D,36.37381687252061,23.828041042540573,0.9997474747474747,0.11545037360314417,0.8671217182255274,0.017427908171328468,79.4110011109278,9.24486395517848,0.9999999999998765,fixture
H-MD-05,House,MD,False,,False,34.630145118675635,6.940456366084158,6.666866396842252,0.0,35.89779783914439,6.541917181697197,0.7867245413787479,4.440649767681397,Safe D,36.37381687252061,23.828041042540573,0.9997474747474747,0.11545037360314417,0.8671217182255274,0.017427908171328468,35.759742874968715,7.232352197194483,0.999949851536207,fixture
H-MD-06,House,MD,True,2.0,False,9.195528044765021,4.319326987590952,3.7497756092607095,0.5640646553515463,9.01869382204142,6.541917181697197,0.7867245413787479,4.440649767681397,Toss-up,0.0,8.0,0.5,0.7576079054256301,0.24239209457368874,6.811836386463726e-13,9.152664827120475,4.586055564542212,0.9067448428552614,fixture
H-MD-07,House,MD,False,,False,59.927026632037546,6.9739791031788,6.692079436639848,0.0,61.547172863140176,6.541917181697197,0.7867245413787479,4.440649767681397,Safe D,36.37381687252061,23.828041042540573,0.9997474747474747,0.11545037360314417,0.8671217182255274,0.017427908171328468,60.921407438898974,7.945494346868122,0.9999999997803509,fixture
H-MD-08,House,MD,False,,False,57.99326307356747,7.17962669014497,6.8989753171156805,0.0,59.583570346886404,6.541917181697197,0.7867245413787479,4.440649767681397,Safe D,36.37381687252061,23.828041042540573,0.9997474747474747,0.11545037360314417,0.8671217182255274,0.017427908171328468,58.99547132580752,7.86348774350683,0.9999999994125844,fixture
H-MA-01,House,MA,False,,False,28.84347788242783,6.856815318609442,6.579458060053693,0.0,30.27036172439556,6.541917181697197,0.7867245413787479,4.440649767681397,Safe D,36.37381687252061,23.828041042540573,0.9997474747474747,0.11545037360314417,0.8671217182255274,0.017427908171328468,30.211997907601443,7.272118733480478,0.9994721429789192,fixture
H-MA-02,House,MA,False,,False,36.643567851797734,7.105725759077255,6.792395736859931,0.0,37.925733423374865,6.541917181697197,0.7867245413787479,4.440649767681397,Safe D,36.37381687252061,23.828041042540573,0.9997474747474747,0.11545037360314417,0.8671217182255274,0.017427908171328468,37.750660269977345,7.247943250031086,0.9999794285894794,fixture
H-MA-03,House,MA,False,,False,33.26644729396133,6.990045767973333,6.675701283883655,0.0,34.637061605410096,6.541917181697197,0.7867245413787479,4.440649767681397,Safe D,36.37381687252061,23.828041042540573,0.9997474747474747,0.11545037360314417,0.8671217182255274,0.017427908171328468,34.50909168239879,7.239004800458821,0.9999121777213843,fixture
H-MA-04,House,MA,True,1.0,False,32.27973872806135,4.835960545016373,4.414841834957113,0.45354372892552564,36.02284235919326,6.541917181697197,0.7867245413787479,4.440649767681397,Safe D,36.37381687252061,23.828041042540573,0.9997474747474747,0.7576079054256301,0.24239209457368874,6.811836386463726e-13,33.18703745742059,5.264304787006323,0.9999962552400443,fixture
H-MA-05,House,MA,False,,False,55.4654128685882,6.988799661640031,6.8064437979485115,0.0,56.756104259266635,6.541917181697197,0.7867245413787479,4.440649767681397,Safe D,36.37381687252061,23.828041042540573,0.9997474747474747,0.11545037360314417,0.8671217182255274,0.017427908171328468,56.25187282310861,7.7156921470585225,0.9999999978609629,fixture
H-MA-06,House,MA,False,,False,33.03604036142278,6.902475340373984,6.624856351218959,0.0,34.41417701517179,6.541917181697197,0.7867245413787479,4.440649767681397,Safe D,36.37381687252061,23.828041042540573,0.9997474747474747,0.11545037360314417,0.8671217182255274,0.017427908171328468,34.28922304710303,7.234820222061588,0.999903926935457,fixture
H-MA-07,House,MA,False,,False,77.39619515986737,6.8354658779509165,6.547502115523334,0.0,78.97815131352453,6.541917181697197,0.7867245413787479,4.440649767681397,Safe D,36.37381687252061,23.828041042540573,0.9997474747474747,0.11545037360314417,0.8671217182255274,0.017427908171328468,78.05300945622265,9.111605102071566,0.999999999999822,fixture
H-MA-08,House,MA,False,,False,40.64611489823184,6.897453364605307,6.5860716067882,0.0,41.94968733790324,6.541917181697197,0.7867245413787479,4.440649767681397,Safe D,36.37381687252061,23.828041042540573,0.9997474747474747,0.11545037360314417,0.8671217182255274,0.017427908171328468,41.70201365427851,7.258758001738564,0.999996994838181,fixture
H-MA-09,House,MA,True,1.0,False,25.714397819927235,4.8266228220367235,4.3632732460414,0.4556519888624697,25.652697971389454,6.541917181697197,0.7867245413787479,4.440649767681397,Safe D,36.37381687252061,23.828041042540573,0.9997474747474747,0.7576079054256301,0.24239209457368874,6.811836386463726e-13,25.699442264412543,4.979732084023676,0.9998179875514904,fixture
H-MI-01,House,MI,False,,False,-20.152665880423104,6.911363690411877,6.660474582257558,0.0,-19.372101087852883,6.541917181697197,0.7867245413787479,4.440649767681397,Safe R,-36.37381687252061,23.828041042540573,0.0002525252525252819,0.11545037360314417,0.8671217182255274,0.017427908171328468,-19.75852192622679,7.555486374423861,0.018264452000979037,fixture
H-MI-02,House,MI,True,1.0,False,-25.085400256964146,4.609124689845292,4.175526975834068,0.5036056488157782,-26.20749191207555,6.541917181697197,0.7867245413787479,4.440649767681397,Safe R,-36.37381687252061,23.828041042540573,0.0002525252525252819,0.7576079054256301,0.24239209457368874,6.811836386463726e-13,-25.357386403557946,4.879929005381965,0.00018833409937018026,fixture
H-MI-03,House,MI,True,3.0,False,8.846766084867465,3.971923942935994,3.3274782002218983,0.6313690768499928,12.497355045949755,6.541917181697197,0.7867245413787479,4.440649767681397,Toss-up,0.0,8.0,0.5,0.7576079054256301,0.24239209457368874,6.811836386463726e-13,9.73163998956576,4.605345268449957,0.9193810646161665,fixture
H-MI-04,House,MI,True,1.0,False,-2.019385450303669,5.116110743181673,4.681493364541486,0.3883967428362751,-5.22158890854106,6.541917181697197,0.7867245413787479,4.440649767681397,Likely R,-8.311389359756497,10.0,0.0627450980392158,0.7576079054256301,0.24239209457368874,6.811836386463726e-13,-2.795574253801226,5.372210462840074,0.35479198265541756,fixture
H-MI-05,House,MI,False,,False,-23.8144200947076,6.961796548119183,6.700716858150775,0.0,-22.840828360437033,6.541917181697197,0.7867245413787479,4.440649767681397,Safe R,-36.37381687252061,23.828041042540573,0.0002525252525252819,0.11545037360314417,0.8671217182255274,0.017427908171328468,-23.18908157096774,7.4410132611083615,0.006606542738939307,fixture
H-MI-06,House,MI,False,,False,28.841859122512705,7.1385250423100794,6.881529145242324,0.0,29.799617504369554,6.541917181697197,0.7867245413787479,4.440649767681397,Safe D,36.37381687252061,23.828041042540573,0.9997474747474747,0.11545037360314417,0.8671217182255274,0.017427908171328468,29.80361848425078,7.302834880476303,0.9993646231471993,fixture
H-MI-07,House,MI,True,4.0,False,1.246536779421915,3.69191138044166,2.983054882647523,0.6815124558858217,-0.30688398176385645,6.541917181697197,0.7867245413787479,4.440649767681397,Lean R,-4.0064647903488435,8.0,0.1773584905660377,0.7576079054256301,0.24239209457368874,6.811836386463726e-13,0.8699998673602637,4.190271992756236,0.5517360320772999,fixture
H-MI-08,House,MI,True,5.0,False,8.56087811853607,3.552382696308406,2.863961155687814,0.7051308022212037,8.78537088815476,6.541917181697197,0.7867245413787479,4.440649767681397,Toss-up,0.0,8.0,0.5,0.7576079054256301,0.24239209457368874,6.811836386463726e-13,8.615293391174761,4.073934101874065,0.903271615947612,fixture
H-MI-09,House,MI,False,,False,-29.3993319707861,6.765507243323525,6.514657684377868,0.0,-28.503746904255625,6.541917181697197,0.7867245413787479,4.440649767681397,Safe R,-36.37381687252061,23.828041042540573,0.0002525252525252819,0.11545037360314417,0.8671217182255274,0.017427908171328468,-28.74430139148882,7.281418549379773,0.0009239243931494159,fixture
H-MI-10,House,MI,False,,False,-3.180097739259816,6.9221019801269685,6.685358180741606,0.0,-2.1098212690190135,6.541917181697197,0.7867245413787479,4.440649767681397,Lean R,-4.0064647903488435,8.0,0.1773584905660377,0.11545037360314417,0.8671217182255274,0.017427908171328468,-2.2664396164904503,6.599671854729284,0.39728196368191415,fixture
H-MI-11,House,MI,True,1.0,False,20.36852034120925,5.003045359261442,4.54575347051771,0.4151307385253189,23.894568068648613,6.541917181697197,0.7867245413787479,4.440649767681397,Likely D,8.311389359756497,10.0,0.9372549019607842,0.7576079054256301,0.24239209457368874,6.811836386463726e-13,21.22320643542186,5.3208897199131195,0.9977779597986633,fixture
H-MI-12,House,MI,False,,False,50.55078297796234,7.091226928374676,6.775950147183065,0.0,51.26422946088164,6.541917181697197,0.7867245413787479,4.440649767681397,Safe D,36.37381687252061,23.828041042540573,0.9997474747474747,0.11545037360314417,0.8671217182255274,0.017427908171328468,50.9223530546596,7.490786307097385,0.9999999699651154,fixture
H-MI-13,House,MI,False,,False,52.221750096429126,6.961528652433276,6.715739383048161,0.0,53.09996541871938,6.541917181697197,0.7867245413787479,4.440649767681397,Safe D,36.37381687252061,23.828041042540573,0.9997474747474747,0.11545037360314417,0.8671217182255274,0.017427908171328468,52.707073350733815,7.551317546544868,0.9999999879612254,fixture
H-MN-01,House,MN,True,1.0,False,-8.352208216825963,4.974216505169142,4.583251156166648,0.42185165761888777,-10.137300362335882,6.541917181697197,0.7867245413787479,4.440649767681397,Likely R,-8.311389359756497,10.0,0.0627450980392158,0.7576079054256301,0.24239209457368874,6.811836386463726e-13,-8.784900440983124,5.183937347420158,0.1163530506725427,fixture
H-MN-02,House,MN,True,3.0,False,8.436611133587757,3.932494447069764,3.347207599529153,0.6386515863629891,11.005438369857155,6.541917181697197,0.7867245413787479,4.440649767681397,Toss-up,0.0,8.0,0.5,0.7576079054256301,0.24239209457368874,6.811836386463726e-13,9.059274547979289,4.480342452659025,0.9065026278764172,fixture
H-MN-03,House,MN,True,2.0,False,18.02194850077056,3.984247510967167,3.44010741550518,0.6290780482180234,23.41776587292777,6.541917181697197,0.7867245413787479,4.440649767681397,Likely D,8.311389359756497,10.0,0.9372549019607842,0.7576079054256301,0.24239209457368874,6.811836386463726e-13,19.32985197553823,4.968497016382535,0.9964019088775323,fixture
H-MN-04,House,MN,False,,False,38.44059315680351,7.169496026559721,6.856789722717202,0.0,40.1071784879843,6.541917181697197,0.7867245413787479,4.440649767681397,Safe D,36.37381687252061,23.828041042540573,0.9997474747474747,0.11545037360314417,0.8671217182255274,0.017427908171328468,39.84970590545329,7.275322511573451,0.9999921585155698,fixture
H-MN-05,House,MN,False,,False,61.997063632299614,7.039604531908767,6.73205149110026,0.0,63.63786117386175,6.541917181697197,0.7867245413787479,4.440649767681397,Safe D,36.37381687252061,23.828041042540573,0.9997474747474747,0.11545037360314417,0.8671217182255274,0.017427908171328468,62.973275224218476,8.06604851663711,0.9999999999144206,fixture
H-MN-06,House,MN,True,1.0,False,-24.817249328016885,4.751576423641693,4.246344257170771,0.47244790269406456,-18.523514150847795,6.541917181697197,0.7867245413787479,4.440649767681397,Safe R,-36.37381687252061,23.828041042540573,0.0002525252525252819,0.7576079054256301,0.24239209457368874,6.811836386463726e-13,-23.291697675738632,5.595395286375535,0.0011549562427147543,fixture
H-MN-07,House,MN,False,,False,-32.89870151319181,6.817159209272659,6.556108169558458,0.0,-31.47564491550666,6.541917181697197,0.7867245413787479,4.440649767681397,Safe R,-36.37381687252061,23.828041042540573,0.0002525252525252819,0.11545037360314417,0.8671217182255274,0.017427908171328468,-31.725302222442046,7.249622302715886,0.0002845604768409129,fixture
H-MN-08,House,MN,True,2.0,False,-12.811392832256145,4.472597930070812,3.8976446267180695,0.5325774791189003,-11.072204046197847,6.541917181697197,0.7867245413787479,4.440649767681397,Likely R,-8.311389359756497,10.0,0.0627450980392158,0.7576079054256301,0.24239209457368874,6.811836386463726e-13,-12.389827219541337,4.736912851793637,0.0390149419624926,fixture
H-MS-01,House,MS,False,,False,-31.261984528725847,7.176937130829977,6.87871159665732,0.0,-29.843048686131656,6.541917181697197,0.7867245413787479,4.440649767681397,Safe R,-36.37381687252061,23.828041042540573,0.0002525252525252819,0.11545037360314417,0.8671217182255274,0.017427908171328468,-30.12068298751867,7.305236458634402,0.0005647323261517811,fixture
H-MS-02,House,MS,False,,False,30.385250829803535,7.127437186810828,6.89371896547952,0.0,31.67609428943454,6.541917181697197,0.7867245413787479,4.440649767681397,Safe D,36.37381687252061,23.828041042540573,0.9997474747474747,0.11545037360314417,0.8671217182255274,0.017427908171328468,31.60893740754937,7.284513199547036,0.9996903927127005,fixture
H-MS-03,House,MS,True,1.0,False,-28.70465751154992,5.37165835338645,4.883569814558627,0.32577215833271167,-23.46295612527207,6.541917181697197,0.7867245413787479,4.440649767681397,Safe R,-36.37381687252061,23.828041042540573,0.0002525252525252819,0.7576079054256301,0.24239209457368874,6.811836386463726e-13,-27.43411053340545,5.786838403613441,0.00023173035245352153,fixture
H-MS-04,House,MS,False,,False,-37.54245568885515,7.078510597084199,6.761604447728832,0.0,-36.48227021665845,6.541917181697197,0.7867245413787479,4.440649767681397,Safe R,-36.37381687252061,23.828041042540573,0.0002525252525252819,0.11545037360314417,0.8671217182255274,0.017427908171328468,-36.60277891058968,7.238703527766036,3.454283357022249e-05,fixture
H-MO-01,House,MO,False,,False,57.973815918802025,7.121712346608255,6.843961264493574,0.0,59.041165165923644,6.541917181697197,0.7867245413787479,4.440649767681397,Safe D,36.37381687252061,23.828041042540573,0.9997474747474747,0.11545037360314417,0.8671217182255274,0.017427908171328468,58.522894832033465,7.82497766591991,0.999999999295242,fixture
H-MO-02,House,MO,False,,False,-12.260775227162926,6.993480188443365,6.69725995625945,0.0,-11.144523482753607,6.541917181697197,0.7867245413787479,4.440649767681397,Safe R,-36.37381687252061,23.828041042540573,0.0002525252525252819,0.11545037360314417,0.8671217182255274,0.017427908171328468,-11.71308897210519,7.943371503127953,0.11510250682388096,fixture
H-MO-03,House,MO,False,,False,-28.822154159246594,7.161278362840634,6.901943702347873,0.0,-27.597129451627165,6.541917181697197,0.7867245413787479,4.440649767681397,Safe R,-36.37381687252061,23.828041042540573,0.0002525252525252819,0.11545037360314417,0.8671217182255274,0.017427908171328468,-27.891518314214697,7.3439653031036,0.0013270538534200414,fixture
H-MO-04,House,MO,False,,False,-40.28972107996383,7.259066125018204,7.000862310776379,0.0,-39.208688517144765,6.541917181697197,0.7867245413787479,4.440649767681397,Safe R,-36.37381687252061,23.828041042540573,0.0002525252525252819,0.11545037360314417,0.8671217182255274,0.017427908171328468,-39.28408824769938,7.2754949194847045,1.0335967944082835e-05,fixture
H-MO-05,House,MO,False,,False,27.62352480919092,7.171799406735033,6.879004574846355,0.0,28.534525924755282,6.541917181697197,0.7867245413787479,4.440649767681397,Safe D,36.37381687252061,23.828041042540573,0.9997474747474747,0.11545037360314417,0.8671217182255274,0.017427908171328468,28.565972948376476,7.323531461114867,0.998976176608011,fixture
H-MO-06,House,MO,False,,False,-38.07746486072502,7.014501351671978,6.772076824658767,0.0,-36.758002178719124,6.541917181697197,0.7867245413787479,4.440649767681397,Safe R,-36.37381687252061,23.828041042540573,0.0002525252525252819,0.11545037360314417,0.8671217182255274,0.017427908171328468,-36.90363909207491,7.244453233701861,3.034022157242901e-05,fixture
H-MO-07,House,MO,False,,False,-42.44793274846502,7.097443427331775,6.786107822776882,0.0,-41.35120826587651,6.541917181697197,0.7867245413787479,4.440649767681397,Safe R,-36.37381687252061,23.828041042540573,0.0002525252525252819,0.11545037360314417,0.8671217182255274,0.017427908171328468,-41.3910799969949,7.272602492605687,3.612229019143055e-06,fixture
H-MO-08,House,MO,False,,False,-50.842579574715,7.084238864245133,6.818072002722043,0.0,-49.62317653449122,6.541917181697197,0.7867245413787479,4.440649767681397,Safe R,-36.37381687252061,23.828041042540573,0.0002525252525252819,0.11545037360314417,0.8671217182255274,0.017427908171328468,-49.53304844754014,7.456195132592802,6.242280915564949e-08,fixture
H-MT-01,House,MT,True,1.0,False,-8.613347504170852,4.650373134206014,4.201455691906164,0.4946811276352535,-6.42178395318466,6.541917181697197,0.7867245413787479,4.440649767681397,Likely R,-8.311389359756497,10.0,0.0627450980392158,0.7576079054256301,0.24239209457368874,6.811836386463726e-13,-8.082129824655752,4.962766469537761,0.13046771666563345,fixture
H-MT-02,House,MT,False,,False,-26.24571735712212,7.047947427914213,6.813275698162962,0.0,-24.9530770442837,6.541917181697197,0.7867245413787479,4.440649767681397,Safe R,-36.37381687252061,23.828041042540573,0.0002525252525252819,0.11545037360314417,0.8671217182255274,0.017427908171328468,-25.30135245631053,7.396563604556297,0.0033245234317254226,fixture
H-NE-01,House,NE,False,,False,-13.577946705479915,7.178177561251816,6.863537169304385,0.0,-13.009571012431596,6.541917181697197,0.7867245413787479,4.440649767681397,Safe R,-36.37381687252061,23.828041042540573,0.0002525252525252819,0.11545037360314417,0.8671217182255274,0.017427908171328468,-13.482380129882944,7.859462909766027,0.08214644045677155,fixture
H-NE-02,House,NE,True,8.0,False,6.877527001017261,3.1874788397652996,2.469827355608885,0.7625979104953804,0.5723371223962133,6.541917181697197,0.7867245413787479,4.440649767681397,Toss-up,0.0,8.0,0.5,0.7576079054256301,0.24239209457368874,6.811836386463726e-13,5.349198819648797,4.721825209936034,0.7755368131474727,fixture
H-NE-03,House,NE,False,,False,-51.08937590769875,6.96823429855453,6.688075921025085,0.0,-50.23517318158815,6.541917181697197,0.7867245413787479,4.440649767681397,Safe R,-36.37381687252061,23.828041042540573,0.0002525252525252819,0.11545037360314417,0.8671217182255274,0.017427908171328468,-50.092216760565954,7.455304181985889,4.487644806234377e-08,fixture
H-NV-01,House,NV,True,6.0,False,8.028459978196148,3.302721355440513,2.5583629689601395,0.7451211578475081,13.687901541416034,6.541917181697197,0.7867245413787479,4.440649767681397,Lean D,4.0064647903488435,8.0,0.8226415094339623,0.7576079054256301,0.24239209457368874,6.811836386463726e-13,9.400263872819668,4.605875192857377,0.9109772281156246,fixture
H-NV-02,House,NV,True,3.0,False,-11.506568991975902,3.8815660105284304,3.2645359990001137,0.6479503889407314,-9.722996909653085,6.541917181697197,0.7867245413787479,4.440649767681397,Likely R,-8.311389359756497,10.0,0.0627450980392158,0.7576079054256301,0.24239209457368874,6.811836386463726e-13,-11.074245219116342,4.362537011147744,0.051474907965829465,fixture
H-NV-03,House,NV,True,5.0,False,9.60265832068749,3.5671470226464463,2.936831961565674,0.7026746523719822,11.567798184114103,6.541917181697197,0.7867245413787479,4.440649767681397,Toss-up,0.0,8.0,0.5,0.7576079054256301,0.24239209457368874,6.811836386463726e-13,10.078992688307178,4.197273014156672,0.9337304583965275,fixture
H-NV-04,House,NV,True,1.0,False,15.594495945658352,5.265065116158336,4.835343583920453,0.3522649324724958,14.875728532575826,6.541917181697197,0.7867245413787479,4.440649767681397,Lean D,4.0064647903488435,8.0,0.8226415094339623,0.7576079054256301,0.24239209457368874,6.811836386463726e-13,15.420272406882072,5.308647383515642,0.9804172856046143,fixture
H-NH-01,House,NH,True,5.0,False,4.8786221357652275,3.7094596321908067,2.9963210816910317,0.6784776148522518,8.917011452547142,6.541917181697197,0.7867245413787479,4.440649767681397,Toss-up,0.0,8.0,0.5,0.7576079054256301,0.24239209457368874,6.811836386463726e-13,5.85749578096068,4.491126206312352,0.8026721086822008,fixture
H-NH-02,House,NH,True,2.0,False,9.219460848763555,4.139313836865862,3.5260288129430744,0.5996437369756722,12.024797195933125,6.541917181697197,0.7867245413787479,4.440649767681397,Toss-up,0.0,8.0,0.5,0.7576079054256301,0.24239209457368874,6.811836386463726e-13,9.899452201931407,4.608474887180276,0.9229816505431653,fixture
H-NJ-01,House,NJ,False,,False,26.479853706310482,6.957488951664194,6.6632852688823325,0.0,28.08399690623271,6.541917181697197,0.7867245413787479,4.440649767681397,Safe D,36.37381687252061,23.828041042540573,0.9997474747474747,0.11545037360314417,0.8671217182255274,0.017427908171328468,28.043272195618055,7.322846941834838,0.9987650009505933,fixture
H-NJ-02,House,NJ,True,1.0,False,-1.693088284639964,4.652209082609416,4.103633575767505,0.49428205320229324,-6.310683124707927,6.541917181697197,0.7867245413787479,4.440649767681397,Likely R,-8.311389359756497,10.0,0.0627450980392158,0.7576079054256301,0.24239209457368874,6.811836386463726e-13,-2.812356769821203,5.200684138616136,0.3511046801684558,fixture
H-NJ-03,House,NJ,True,1.0,False,9.162269675288718,4.6799254907504535,4.221457523766986,0.4882382841957924,17.637408202459806,6.541917181697197,0.7867245413787479,4.440649767681397,Likely D,8.311389359756497,10.0,0.9372549019607842,0.7576079054256301,0.24239209457368874,6.811836386463726e-13,11.216576254691306,6.088106459979703,0.9193273069376247,fixture
H-NJ-04,House,NJ,False,,False,-25.68196457563829,7.071259492816111,6.754324883702102,0.0,-23.97353812024782,6.541917181697197,0.7867245413787479,4.440649767681397,Safe R,-36.37381687252061,23.828041042540573,0.0002525252525252819,0.11545037360314417,0.8671217182255274,0.017427908171328468,-24.38688751218963,7.424147550788069,0.004530963242084525,fixture
H-NJ-05,House,NJ,True,2.0,False,14.604667765705043,4.241119619813484,3.713600678269874,0.5797081582985271,15.630688702673641,6.541917181697197,0.7867245413787479,4.440649767681397,Lean D,4.0064647903488435,8.0,0.8226415094339623,0.7576079054256301,0.24239209457368874,6.811836386463726e-13,14.8533671296861,4.584205298134719,0.9839852827763813,fixture
H-NJ-06,House,NJ,False,,False,21.997043433426903,6.727700087344451,6.47251922059668,0.0,23.59641971515813,6.541917181697197,0.7867245413787479,4.440649767681397,Likely D,8.311389359756497,10.0,0.9372549019607842,0.11545037360314417,0.8671217182255274,0.017427908171328468,23.145385020470346,6.917582863066246,0.995156348592748,fixture
H-NJ-07,House,NJ,True,2.0,False,-3.7612114487057835,4.028170098457869,3.5029490963485412,0.6208548376777594,-0.7801153582707836,6.541917181697197,0.7867245413787479,4.440649767681397,Lean R,-4.0064647903488435,8.0,0.1773584905660377,0.7576079054256301,0.24239209457368874,6.811836386463726e-13,-3.038617323219976,4.615398195138273,0.3310196324730994,fixture
H-NJ-08,House,NJ,False,,False,51.3670870470039,6.849993147629275,6.578144844603357,0.0,53.0053612858576,6.541917181697197,0.7867245413787479,4.440649767681397,Safe D,36.37381687252061,23.828041042540573,0.9997474747474747,0.11545037360314417,0.8671217182255274,0.017427908171328468,52.52636888413453,7.543339469588766,0.9999999868502507,fixture
H-NJ-09,House,NJ,True,1.0,False,20.270171381420305,5.014135419715228,4.546524919362941,0.4125349498019222,25.193232498037535,6.541917181697197,0.7867245413787479,4.440649767681397,Safe D,36.37381687252061,23.828041042540573,0.9997474747474747,0.7576079054256301,0.24239209457368874,6.811836386463726e-13,21.463482477202405,5.52130038034008,0.9976145960313587,fixture
H-NJ-10,House,NJ,False,,False,62.28145364751318,6.90495715282513,6.610014902679604,0.0,63.957654561628345,6.541917181697197,0.7867245413787479,4.440649767681397,Safe D,36.37381687252061,23.828041042540573,0.9997474747474747,0.11545037360314417,0.8671217182255274,0.017427908171328468,63.28340794960122,8.073380273235605,0.9999999999285457,fixture
H-NJ-11,House,NJ,True,1.0,False,12.997161320407528,5.105530803877254,4.6698540582117545,0.39092367590947874,19.472678523966973,6.541917181697197,0.7867245413787479,4.440649767681397,Likely D,8.311389359756497,10.0,0.9372549019607842,0.7576079054256301,0.24239209457368874,6.811836386463726e-13,14.566775498823064,5.881795161721502,0.9677671505941412,fixture
H-NJ-12,House,NJ,False,,False,35.79029998849341,6.996354331947339,6.714972019196003,0.0,37.43626027538548,6.541917181697197,0.7867245413787479,4.440649767681397,Safe D,36.37381687252061,23.828041042540573,0.9997474747474747,0.11545037360314417,0.8671217182255274,0.017427908171328468,37.22771737926549,7.245673543815691,0.9999738320536625,fixture
H-NM-01,House,NM,True,1.0,False,17.057887614686788,4.908757350258306,4.466183320894171,0.4369680430566437,20.766884132735782,6.541917181697197,0.7867245413787479,4.440649767681397,Likely D,8.311389359756497,10.0,0.9372549019607842,0.7576079054256301,0.24239209457368874,6.811836386463726e-13,17.956919049457245,5.292605441232032,0.9921467206069524,fixture
H-NM-02,House,NM,False,,False,12.050558322601646,7.1247673950338255,6.757486458598649,0.0,13.582726993510338,6.541917181697197,0.7867245413787479,4.440649767681397,Lean D,4.0064647903488435,8.0,0.8226415094339623,0.11545037360314417,0.8671217182255274,0.017427908171328468,13.238943329729636,6.726682658858278,0.9337474696364051,fixture
H-NM-03,House,NM,True,1.0,False,15.626406861960215,5.173018604962076,4.736730284161742,0.37471501927426576,14.408267283850286,6.541917181697197,0.7867245413787479,4.440649767681397,Lean D,4.0064647903488435,8.0,0.8226415094339623,0.7576079054256301,0.24239209457368874,6.811836386463726e-13,15.331139458131123,5.257777767405192,0.9804540949059848,fixture
H-NY-01,House,NY,True,2.0,False,-1.5676809766364264,4.073385898429266,3.5045256888326186,0.6122953341864684,-2.1159037023796996,6.541917181697197,0.7867245413787479,4.440649767681397,Lean R,-4.0064647903488435,8.0,0.1773584905660377,0.7576079054256301,0.24239209457368874,6.811836386463726e-13,-1.7005658314238965,4.442238440332633,0.4017848220204726,fixture
H-NY-02,House,NY,True,4.0,False,-0.47702013548808875,3.669734348335546,3.084609650179385,0.6853272249778336,-2.6736946365202154,6.541917181697197,0.7867245413787479,4.440649767681397,Lean R,-4.0064647903488435,8.0,0.1773584905660377,0.7576079054256301,0.24239209457368874,6.811836386463726e-13,-1.0094766688922827,4.297464494543737,0.44063363249194276,fixture
H-NY-03,House,NY,True,3.0,False,15.475389033937123,4.016488974846751,3.4587042441606424,0.6230505840799879,13.677031049625732,6.541917181697197,0.7867245413787479,4.440649767681397,Lean D,4.0064647903488435,8.0,0.8226415094339623,0.7576079054256301,0.24239209457368874,6.811836386463726e-13,15.039481275318755,4.475540918443532,0.9858224922863879,fixture
H-NY-04,House,NY,False,,False,18.606730525576037,6.793411879564891,6.476676112564738,0.0,19.74664200865089,6.541917181697197,0.7867245413787479,4.440649767681397,Likely D,8.311389359756497,10.0,0.9372549019607842,0.11545037360314417,0.8671217182255274,0.017427908171328468,19.415746268974516,6.783438779381267,0.9859291636894193,fixture
H-NY-05,House,NY,False,,False,66.74385337269453,7.099111888369546,6.772972050278841,0.0,67.97627482364278,6.541917181697197,0.7867245413787479,4.440649767681397,Safe D,36.37381687252061,23.828041042540573,0.9997474747474747,0.11545037360314417,0.8671217182255274,0.017427908171328468,67.28322657153386,8.330768280233634,0.999999999987631,fixture
H-NY-06,House,NY,False,,False,37.54230560759762,6.902203959037258,6.6741244897918595,0.0,38.755892449842406,6.541917181697197,0.7867245413787479,4.440649767681397,Safe D,36.37381687252061,23.828041042540573,0.9997474747474747,0.11545037360314417,0.8671217182255274,0.017427908171328468,38.57426880108666,7.237653178443251,0.9999863038335038,fixture
H-NY-07,House,NY,False,,False,67.9526058936192,6.816694436424624,6.565205499488423,0.0,69.00265017777897,6.541917181697197,0.7867245413787479,4.440649767681397,Safe D,36.37381687252061,23.828041042540573,0.9997474747474747,0.11545037360314417,0.8671217182255274,0.017427908171328468,68.31276986229126,8.37776972361618,0.9999999999926591,fixture
H-NY-08,House,NY,False,,False,58.02754269802961,6.871494968392334,6.6519419990152375,0.0,59.36398754153767,6.541917181697197,0.7867245413787479,4.440649767681397,Safe D,36.37381687252061,23.828041042540573,0.9997474747474747,0.11545037360314417,0.8671217182255274,0.017427908171328468,58.80902390179187,7.824529515359483,0.9999999994146952,fixture
H-NY-09,House,NY,False,,False,56.65434738613435,6.94242898211659,6.679891313544033,0.0,57.971584404386235,6.541917181697197,0.7867245413787479,4.440649767681397,Safe D,36.37381687252061,23.828041042540573,0.9997474747474747,0.11545037360314417,0.8671217182255274,0.017427908171328468,57.44310498925411,7.759322732138771,0.9999999988529966,fixture
H-NY-10,House,NY,False,,False,73.90040991421866,7.012835007097822,6.79294078976762,0.0,74.9374627114789,6.541917181697197,0.7867245413787479,4.440649767681397,Safe D,36.37381687252061,23.828041042540573,0.9997474747474747,0.11545037360314417,0.8671217182255274,0.017427908171328468,74.14565090015603,8.81746072349951,0.9999999999992311,fixture
H-NY-11,House,NY,True,3.0,False,-1.4589455552590445,3.646591683213734,3.013748298650878,0.6892835898555632,-7.085416376964977,6.541917181697197,0.7867245413787479,4.440649767681397,Likely R,-8.311389359756497,10.0,0.0627450980392158,0.7576079054256301,0.24239209457368874,6.811836386463726e-13,-2.822757602794757,4.802931569763078,0.34530368029984426,fixture
H-NY-12,House,NY,False,,False,72.64190756870441,6.927342845049732,6.692320380629404,0.0,73.70783474734527,6.541917181697197,0.7867245413787479,4.440649767681397,Safe D,36.37381687252061,23.828041042540573,0.9997474747474747,0.11545037360314417,0.8671217182255274,0.017427908171328468,72.93411922114826,8.717787876743932,0.9999999999988206,fixture
H-NY-13,House,NY,False,,False,81.21020274410678,6.898317982584316,6.5911645102174665,0.0,82.45010511664181,6.541917181697197,0.7867245413787479,4.440649767681397,Safe D,36.37381687252061,23.828041042540573,0.9997474747474747,0.11545037360314417,0.8671217182255274,0.017427908171328468,81.50394460410702,9.39695565351603,0.9999999999999434,fixture
H-NY-14,House,NY,False,,False,62.09808010768143,6.963046700184375,6.665802226994068,0.0,63.368544645689084,6.541917181697197,0.7867245413787479,4.440649767681397,Safe D,36.37381687252061,23.828041042540573,0.9997474747474747,0.11545037360314417,0.8671217182255274,0.017427908171328468,62.75140740338576,8.039921626055603,0.9999999999094243,fixture
H-NY-15,House,NY,False,,False,75.300752753937,6.980893857117585,6.739719544972374,0.0,76.4882950825627,6.541917181697197,0.7867245413787479,4.440649767681397,Safe D,36.37381687252061,23.828041042540573,0.9997474747474747,0.11545037360314417,0.8671217182255274,0.017427908171328468,75.65208143446796,8.930695387211053,0.999999999999565,fixture
H-NY-16,House,NY,False,,False,46.751176275044436,7.0478593050269,6.81825088298094,0.0,47.96257626642793,6.541917181697197,0.7867245413787479,4.440649767681397,Safe D,36.37381687252061,23.828041042540573,0.9997474747474747,0.11545037360314417,0.8671217182255274,0.017427908171328468,47.62075185030322,7.400359849059126,0.9999998357802071,fixture
H-NY-17,House,NY,True,1.0,False,7.829255616842392,4.971910042210584,4.562986038214902,0.42238768920454317,9.212009464816258,6.541917181697197,0.7867245413787479,4.440649767681397,Lean D,4.0064647903488435,8.0,0.8226415094339623,0.7576079054256301,0.24239209457368874,6.811836386463726e-13,8.164424218330002,5.147691605986091,0.8671467862119445,fixture
H-NY-18,House,NY,True,2.0,False,13.571947875626751,4.101984406433044,3.5441848222192815,0.6068322143640855,12.546741658054517,6.541917181697197,0.7867245413787479,4.440649767681397,Toss-up,0.0,8.0,0.5,0.7576079054256301,0.24239209457368874,6.811836386463726e-13,13.323445993170203,4.481415937848516,0.9739098634057795,fixture
H-NY-19,House,NY,True,2.0,False,8.784607354865283,4.29405680632043,3.801566134002457,0.5691506051897878,8.97673773102534,6.541917181697197,0.7867245413787479,4.440649767681397,Toss-up,0.0,8.0,0.5,0.7576079054256301,0.24239209457368874,6.811836386463726e-13,8.831178239167967,4.618358298211568,0.8980721779443722,fixture
H-NY-20,House,NY,False,,False,21.484558912663136,7.012927060630806,6.730919107649571,0.0,22.809616604804734,6.541917181697197,0.7867245413787479,4.440649767681397,Likely D,8.311389359756497,10.0,0.9372549019607842,0.11545037360314417,0.8671217182255274,0.017427908171328468,22.403964426127516,6.912648244839213,0.9938774347789289,fixture
H-NY-21,House,NY,False,,False,-13.879320514978811,6.8828384727835585,6.555623410057125,0.0,-12.542711798557715,6.541917181697197,0.7867245413787479,4.440649767681397,Safe R,-36.37381687252061,23.828041042540573,0.0002525252525252819,0.11545037360314417,0.8671217182255274,0.017427908171328468,-13.112350085080056,7.857871281864941,0.08806182232663473,fixture
H-NY-22,House,NY,True,6.0,False,7.389816556363966,3.421789370293651,2.6701880799981312,0.7264123669964044,11.989765352322653,6.541917181697197,0.7867245413787479,4.440649767681397,Toss-up,0.0,8.0,0.5,0.7576079054256301,0.24239209457368874,6.811836386463726e-13,8.504807779943075,4.4340665352385535,0.8924703460888905,fixture
H-NY-23,House,NY,False,,False,-19.684332544412946,6.7776094922551415,6.569711066932834,0.0,-18.543644691200207,6.541917181697197,0.7867245413787479,4.440649767681397,Safe R,-36.37381687252061,23.828041042540573,0.0002525252525252819,0.11545037360314417,0.8671217182255274,0.017427908171328468,-18.986080133473216,7.581761139361704,0.022493007542282825,fixture
H-NY-24,House,NY,False,,False,-18.523730553205056,7.075452402682985,6.794136003238395,0.0,-17.39276100430491,6.541917181697197,0.7867245413787479,4.440649767681397,Safe R,-36.37381687252061,23.828041042540573,0.0002525252525252819,0.11545037360314417,0.8671217182255274,0.017427908171328468,-17.85413195992533,7.651668884664462,0.03045375705865981,fixture
H-NY-25,House,NY,True,2.0,False,19.807128980096962,3.9530865017590937,3.4012625440986852,0.6348573595073614,22.53067692580006,6.541917181697197,0.7867245413787479,4.440649767681397,Likely D,8.311389359756497,10.0,0.9372549019607842,0.7576079054256301,0.24239209457368874,6.811836386463726e-13,20.46729547131997,4.527715228055081,0.9985013770563803,fixture
H-NY-26,House,NY,True,1.0,False,11.712615231685751,5.215774676521697,4.7539376643730265,0.36433608369625337,26.68443519842324,6.541917181697197,0.7867245413787479,4.440649767681397,Safe D,36.37381687252061,23.828041042540573,0.9997474747474747,0.7576079054256301,0.24239209457368874,6.811836386463726e-13,15.341666033020225,8.286069219014298,0.9410196397520347,fixture
H-NC-01,House,NC,True,1.0,True,14.173331412216891,5.681640043753879,5.275210238217794,0.8662285567639448,5.385631165494213,8.876749428263986,0.7867245413787479,4.440649767681397,Lean D,4.0064647903488435,8.0,0.8226415094339623,0.7576079054256301,0.24239209457368874,6.811836386463726e-13,12.043262342921134,7.373160824752213,0.9071458672751876,fixture
H-NC-02,House,NC,False,,True,4.467221781544748,15.736596757094127,15.635948073183945,0.0,5.385631165494213,8.876749428263986,0.7867245413787479,4.440649767681397,Safe D,36.37381687252061,23.828041042540573,0.9997474747474747,0.11545037360314417,0.8671217182255274,0.017427908171328468,5.819659713894744,11.09466300113645,0.6797499783516519,fixture
H-NC-03,House,NC,False,,True,-2.7869732198950183,16.00926371567733,15.819510382391487,0.0,-1.555666060974855,8.876749428263986,0.7867245413787479,4.440649767681397,Safe R,-36.37381687252061,23.828041042540573,0.0002525252525252819,0.11545037360314417,0.8671217182255274,0.017427908171328468,-2.304628467531499,11.307330117449139,0.42772767570247705,fixture
H-NC-04,House,NC,False,,True,4.1800086547283195,15.661977924913128,15.5615828515939,0.0,5.385631165494213,8.876749428263986,0.7867245413787479,4.440649767681397,Safe D,36.37381687252061,23.828041042540573,0.9997474747474747,0.11545037360314417,0.8671217182255274,0.017427908171328468,5.78650085110006,11.087011125436925,0.6788884865908709,fixture
H-NC-05,House,NC,False,,True,-2.590352763092769,15.911768379664364,15.814834490350812,0.0,-1.555666060974855,8.876749428263986,0.7867245413787479,4.440649767681397,Safe R,-36.37381687252061,23.828041042540573,0.0002525252525252819,0.11545037360314417,0.8671217182255274,0.017427908171328468,-2.281928562335658,11.305781119680713,0.4284240644708799,fixture
H-NC-06,House,NC,True,2.0,True,15.226165976322688,4.879082056691235,4.388438616332817,0.901351104925133,-1.555666060974855,8.876749428263986,0.7867245413787479,4.440649767681397,Likely D,8.311389359756497,10.0,0.9372549019607842,0.7576079054256301,0.24239209457368874,6.811836386463726e-13,11.15838255801359,9.241644859860648,0.8517668371134798,fixture
H-NC-07,House,NC,True,1.0,True,-9.813003026571035,5.210441660135559,4.773383320072712,0.8874967532236172,-1.555666060974855,8.876749428263986,0.7867245413787479,4.440649767681397,Safe R,-36.37381687252061,23.828041042540573,0.0002525252525252819,0.7576079054256301,0.24239209457368874,6.811836386463726e-13,-7.8114898238975226,6.991641085237133,0.18753291478658896,fixture
H-NC-08,House,NC,False,,True,-2.6821884516289183,16.521537513621976,16.40278058081035,0.0,-1.555666060974855,8.876749428263986,0.7867245413787479,4.440649767681397,Safe R,-36.37381687252061,23.828041042540573,0.0002525252525252819,0.11545037360314417,0.8671217182255274,0.017427908171328468,-2.292531026887259,11.402410910984532,0.4285778251224162,fixture
H-NC-09,House,NC,False,,True,-2.4960779850880224,16.247554079041798,16.209624107650605,0.0,-1.555666060974855,8.876749428263986,0.7867245413787479,4.440649767681397,Likely R,-8.311389359756497,10.0,0.0627450980392158,0.11545037360314417,0.8671217182255274,0.017427908171328468,-1.7819750942366426,10.062315942346043,0.43870509534959967,fixture
H-NC-10,House,NC,False,,True,-2.7578153837804367,15.777697772387556,15.654657102699083,0.0,-1.555666060974855,8.876749428263986,0.7867245413787479,4.440649767681397,Safe R,-36.37381687252061,23.828041042540573,0.0002525252525252819,0.11545037360314417,0.8671217182255274,0.017427908171328468,-2.3012621844586114,11.280670445578211,0.4276974390292463,fixture
H-NC-11,House,NC,False,,True,-3.0812966750372395,16.20011584654002,16.077890149530425,0.0,-1.555666060974855,8.876749428263986,0.7867245413787479,4.440649767681397,Likely R,-8.311389359756497,10.0,0.0627450980392158,0.11545037360314417,0.8671217182255274,0.017427908171328468,-1.8495388106308221,10.044432262201251,0.43631539896328997,fixture
H-NC-12,House,NC,False,,True,4.14434482000293,16.070054968799706,15.966451465929403,0.0,5.385631165494213,8.876749428263986,0.7867245413787479,4.440649767681397,Safe D,36.37381687252061,23.828041042540573,0.9997474747474747,0.11545037360314417,0.8671217182255274,0.017427908171328468,5.782383448056893,11.153872218022869,0.6779783292579146,fixture
H-NC-13,House,NC,True,3.0,True,0.6188158301704221,4.500930169087121,4.094545043596248,0.9160500327681133,-1.555666060974855,8.876749428263986,0.7867245413787479,4.440649767681397,Toss-up,0.0,8.0,0.5,0.7576079054256301,0.24239209457368874,6.811836386463726e-13,0.09173860996274102,5.715726115791581,0.5046609573518571,fixture
H-NC-14,House,NC,False,,True,-2.4394729334534357,15.233138039679766,15.10997608452238,0.0,-1.555666060974855,8.876749428263986,0.7867245413787479,4.440649767681397,Likely D,8.311389359756497,10.0,0.9372549019607842,0.11545037360314417,0.8671217182255274,0.017427908171328468,-1.4857397588016186,9.910085152926095,0.4482434182125866,fixture
H-ND-01,House,ND,False,,False,-32.98518749135202,7.059586369674766,6.742824823653272,0.0,-31.896598971941398,6.541917181697197,0.7867245413787479,4.440649767681397,Safe R,-36.37381687252061,23.828041042540573,0.0002525252525252819,0.11545037360314417,0.8671217182255274,0.017427908171328468,-32.10030546564177,7.259391679454948,0.000247230515755878,fixture
H-OH-01,House,OH,False,,True,-2.685117025890077,15.73893367274111,15.62604858959929,0.0,-1.4728006613168585,8.876749428263986,0.7867245413787479,4.440649767681397,Lean D,4.0064647903488435,8.0,0.8226415094339623,0.11545037360314417,0.8671217182255274,0.017427908171328468,-1.5172709033940797,9.915772107562251,0.4471740899652656,fixture
H-OH-02,House,OH,False,,True,-9.563450259927508,15.62916728765731,15.453933773696969,0.0,-8.414097887785926,8.876749428263986,0.7867245413787479,4.440649767681397,Safe R,-36.37381687252061,23.828041042540573,0.0002525252525252819,0.11545037360314417,0.8671217182255274,0.017427908171328468,-9.034070463513439,10.917239650935766,0.23140371002402926,fixture
H-OH-03,House,OH,False,,True,-1.9463275499287915,15.862977314676042,15.736718289428216,0.0,-1.4728006613168585,8.876749428263986,0.7867245413787479,4.440649767681397,Safe D,36.37381687252061,23.828041042540573,0.9997474747474747,0.11545037360314417,0.8671217182255274,0.017427908171328468,-0.8678821425431315,11.464518829754548,0.4729546418562799,fixture
H-OH-04,House,OH,False,,True,-9.557694214727729,15.651940646141318,15.506186192280778,0.0,-8.414097887785926,8.876749428263986,0.7867245413787479,4.440649767681397,Safe R,-36.37381687252061,23.828041042540573,0.0002525252525252819,0.11545037360314417,0.8671217182255274,0.017427908171328468,-9.033405925944647,10.925758107053756,0.23155753217879094,fixture
H-OH-05,House,OH,False,,True,-9.312099653969465,15.890519057773309,15.776071681408917,0.0,-8.414097887785926,8.876749428263986,0.7867245413787479,4.440649767681397,Safe R,-36.37381687252061,23.828041042540573,0.0002525252525252819,0.11545037360314417,0.8671217182255274,0.017427908171328468,-9.005051942150207,10.969198832259854,0.2329580018579145,fixture
H-OH-06,House,OH,False,,True,-9.588718912482594,15.883254635667397,15.712613308892355,0.0,-8.414097887785926,8.876749428263986,0.7867245413787479,4.440649767681397,Safe R,-36.37381687252061,23.828041042540573,0.0002525252525252819,0.11545037360314417,0.8671217182255274,0.017427908171328468,-9.036987738891371,10.959929446988872,0.2320189963638108,fixture
H-OH-07,House,OH,True,1.0,True,-3.1689932783261887,6.378358145406759,6.013362408617343,0.8314092341667674,-8.414097887785926,8.876749428263986,0.7867245413787479,4.440649767681397,Likely R,-8.311389359756497,10.0,0.0627450980392158,0.7576079054256301,0.24239209457368874,6.811836386463726e-13,-4.440365170874747,7.179643860351155,0.30943580963931916,fixture
H-OH-08,House,OH,False,,True,-9.328259703486937,16.25580237939285,16.14822050397167,0.0,-8.414097887785926,8.876749428263986,0.7867245413787479,4.440649767681397,Safe R,-36.37381687252061,23.828041042540573,0.0002525252525252819,0.11545037360314417,0.8671217182255274,0.017427908171328468,-9.006917625904443,11.031596153431144,0.23390982232552138,fixture
H-OH-09,House,OH,True,3.0,True,6.756937696839897,4.332771499594724,3.764438585011237,0.9222057402152372,-1.4728006613168585,8.876749428263986,0.7867245413787479,4.440649767681397,Lean R,-4.0064647903488435,8.0,0.1773584905660377,0.7576079054256301,0.24239209457368874,6.811836386463726e-13,4.762114178405518,6.501792612432985,0.7135746619860274,fixture
H-OH-10,House,OH,True,3.0,True,-10.213127393430408,4.349442045812916,3.829183777174562,0.9216059542844357,-8.414097887785926,8.876749428263986,0.7867245413787479,4.440649767681397,Likely R,-8.311389359756497,10.0,0.0627450980392158,0.7576079054256301,0.24239209457368874,6.811836386463726e-13,-9.777056863356078,5.550006936520181,0.1031525902171479,fixture
H-OH-11,House,OH,False,,True,-2.563383383626032,15.655275329496858,15.587932847427913,0.0,-1.4728006613168585,8.876749428263986,0.7867245413787479,4.440649767681397,Safe D,36.37381687252061,23.828041042540573,0.9997474747474747,0.11545037360314417,0.8671217182255274,0.017427908171328468,-0.9391214690774775,11.449439157666342,0.47070759510507004,fixture
H-OH-12,House,OH,False,,True,-9.643744496162824,15.961627655203525,15.811510928412572,0.0,-8.414097887785926,8.876749428263986,0.7867245413787479,4.440649767681397,Safe R,-36.37381687252061,23.828041042540573,0.0002525252525252819,0.11545037360314417,0.8671217182255274,0.017427908171328468,-9.043340463084984,10.976671070476892,0.23213099009049837,fixture
H-OH-13,House,OH,True,3.0,True,-0.2958679931303989,4.156200128201106,3.535072865665432,0.9284171667515418,-1.4728006613168585,8.876749428263986,0.7867245413787479,4.440649767681397,Toss-up,0.0,8.0,0.5,0.7576079054256301,0.24239209457368874,6.811836386463726e-13,-0.5811471677441135,5.368583772725925,0.46957364304402016,fixture
H-OH-14,House,OH,False,,True,-9.606528849459288,15.342155417586419,15.187200696661327,0.0,-8.414097887785926,8.876749428263986,0.7867245413787479,4.440649767681397,Safe R,-36.37381687252061,23.828041042540573,0.0002525252525252819,0.11545037360314417,0.8671217182255274,0.017427908171328468,-9.03904390276918,10.874189643900268,0.2305846236405536,fixture
H-OH-15,House,OH,True,3.0,True,-5.684620794674924,4.3120683500358625,3.766438555557204,0.9229474078928025,-8.414097887785926,8.876749428263986,0.7867245413787479,4.440649767681397,Likely R,-8.311389359756497,10.0,0.0627450980392158,0.7576079054256301,0.24239209457368874,6.811836386463726e-13,-6.3462244643667916,5.587063253520312,0.2068503596130885,fixture
H-OK-01,House,OK,False,,False,-24.697258337539253,6.986481094854391,6.695756674445147,0.0,-23.54317726925588,6.541917181697197,0.7867245413787479,4.440649767681397,Safe R,-36.37381687252061,23.828041042540573,0.0002525252525252819,0.11545037360314417,0.8671217182255274,0.017427908171328468,-23.900027568542622,7.421359525634279,0.005260549096697466,fixture
H-OK-02,House,OK,False,,False,-49.735724237607826,6.955828483896256,6.680250572843526,0.0,-48.60142932327717,6.541917181697197,0.7867245413787479,4.440649767681397,Safe R,-36.37381687252061,23.828041042540573,0.0002525252525252819,0.11545037360314417,0.8671217182255274,0.017427908171328468,-48.51928238796641,7.4097671062496095,1.0043123198565087e-07,fixture
H-OK-03,House,OK,False,,False,-42.06932689110227,6.950753421626461,6.596044779547268,0.0,-40.99744694296386,6.541917181697197,0.7867245413787479,4.440649767681397,Safe R,-36.37381687252061,23.828041042540573,0.0002525252525252819,0.11545037360314417,0.8671217182255274,0.017427908171328468,-41.04061568314828,7.247856032790676,4.128736245383902e-06,fixture
H-OK-04,House,OK,False,,False,-31.391165394040524,6.835234355547026,6.560237622822447,0.0,-30.17938862552438,6.541917181697197,0.7867245413787479,4.440649767681397,Safe R,-36.37381687252061,23.828041042540573,0.0002525252525252819,0.11545037360314417,0.8671217182255274,0.017427908171328468,-30.427244632835713,7.262953701308163,0.00048142634091288296,fixture
H-OK-05,House,OK,False,,False,-20.730626370514532,6.906494688193061,6.624777325264653,0.0,-19.515338348575387,6.541917181697197,0.7867245413787479,4.440649767681397,Safe R,-36.37381687252061,23.828041042540573,0.0002525252525252819,0.11545037360314417,0.8671217182255274,0.017427908171328468,-19.94945182036732,7.550306789182826,0.017338001422489865,fixture
H-OR-01,House,OR,False,,False,41.50100854808009,7.006065891924472,6.632409308092504,0.0,42.26017740585276,6.541917181697197,0.7867245413787479,4.440649767681397,Safe D,36.37381687252061,23.828041042540573,0.9997474747474747,0.11545037360314417,0.8671217182255274,0.017427908171328468,42.06994412675679,7.260703409861371,0.9999975048946159,fixture
H-OR-02,House,OR,True,1.0,False,-16.52138491101371,4.702850430545801,4.198925463540628,0.4832122034102675,-23.126719660619482,6.541917181697197,0.7867245413787479,4.440649767681397,Safe R,-36.37381687252061,23.828041042540573,0.0002525252525252819,0.7576079054256301,0.24239209457368874,6.811836386463726e-13,-18.122465836344546,5.634106710654648,0.009069648867044066,fixture
H-OR-03,House,OR,False,,False,49.6782620014704,7.00107261984062,6.768962794921874,0.0,50.379623907517015,6.541917181697197,0.7867245413787479,4.440649767681397,Safe D,36.37381687252061,23.828041042540573,0.9997474747474747,0.11545037360314417,0.8671217182255274,0.017427908171328468,50.05455949456166,7.460878211402792,0.99999995347234,fixture
H-OR-04,House,OR,True,1.0,False,20.728744345624047,5.076127101033848,4.64378582795841,0.39791904191915173,18.30863285012724,6.541917181697197,0.7867245413787479,4.440649767681397,Likely D,8.311389359756497,10.0,0.9372549019607842,0.7576079054256301,0.24239209457368874,6.811836386463726e-13,20.142128451120257,5.271314573649741,0.9966409856018228,fixture
H-OR-05,House,OR,True,2.0,False,8.794858475197294,4.126650760286832,3.591433327011115,0.602089546830145,13.050391786121063,6.541917181697197,0.7867245413787479,4.440649767681397,Lean D,4.0064647903488435,8.0,0.8226415094339623,0.7576079054256301,0.24239209457368874,6.811836386463726e-13,9.826366107956948,4.84469904789644,0.9166976688756444,fixture
H-OR-06,House,OR,False,,False,15.80812818012408,7.040636941945375,6.785763716513617,0.0,16.68260538539154,6.541917181697197,0.7867245413787479,4.440649767681397,Lean D,4.0064647903488435,8.0,0.8226415094339623,0.11545037360314417,0.8671217182255274,0.017427908171328468,16.360728051078727,6.806356558387921,0.9675690039434739,fixture
H-PA-01,House,PA,True,3.0,False,2.355625907401259,3.8648333287187615,3.273104735997798,0.6509790826165689,2.748800913015831,6.541917181697197,0.7867245413787479,4.440649767681397,Toss-up,0.0,8.0,0.5,0.7576079054256301,0.24239209457368874,6.811836386463726e-13,2.4509284205445923,4.303298860905923,0.6416600573514867,fixture
H-PA-02,House,PA,False,,False,47.605469768043505,7.07286266066075,6.832648767757141,0.0,48.694434289772715,6.541917181697197,0.7867245413787479,4.440649767681397,Safe D,36.37381687252061,23.828041042540573,0.9997474747474747,0.11545037360314417,0.8671217182255274,0.017427908171328468,48.353990339936566,7.420336980293709,0.9999998867579653,fixture
H-PA-03,House,PA,False,,False,81.72458445106666,6.898860532181087,6.615600972542881,0.0,82.75650322895895,6.541917181697197,0.7867245413787479,4.440649767681397,Safe D,36.37381687252061,23.828041042540573,0.9997474747474747,0.11545037360314417,0.8671217182255274,0.017427908171328468,81.82901462196365,9.424127983255353,0.999999999999949,fixture
H-PA-04,House,PA,True,1.0,False,22.000129318511025,4.943090292455447,4.530857100059629,0.42906455819784795,22.66348205135862,6.541917181697197,0.7867245413787479,4.440649767681397,Likely D,8.311389359756497,10.0,0.9372549019607842,0.7576079054256301,0.24239209457368874,6.811836386463726e-13,22.16092077685781,5.09971217443946,0.998800610210601,fixture
H-PA-05,House,PA,False,,False,34.97321688611543,6.986940361030311,6.675952550507777,0.0,35.955094624792295,6.541917181697197,0.7867245413787479,4.440649767681397,Safe D,36.37381687252061,23.828041042540573,0.9997474747474747,0.11545037360314417,0.8671217182255274,0.017427908171328468,35.84903392591214,7.228666086653413,0.9999520654485223,fixture
H-PA-06,House,PA,False,,False,17.807798621898375,7.095558173760795,6.7420216334776715,0.0,18.59861422458316,6.541917181697197,0.7867245413787479,4.440649767681397,Likely D,8.311389359756497,10.0,0.9372549019607842,0.11545037360314417,0.8671217182255274,0.017427908171328468,18.32802945752,6.778187841618271,0.9809261136837504,fixture
H-PA-07,House,PA,True,3.0,False,1.7838143014279717,3.948474468569488,3.3417899241738516,0.6357088802583406,-0.934367034740307,6.541917181697197,0.7867245413787479,4.440649767681397,Lean R,-4.0064647903488435,8.0,0.1773584905660377,0.7576079054256301,0.24239209457368874,6.811836386463726e-13,1.1249486339190904,4.493442005982159,0.56500119978775,fixture
H-PA-08,House,PA,True,7.0,False,-0.44449557574157567,3.346416181914068,2.535645333604028,0.738332479190927,-4.667046140561144,6.541917181697197,0.7867245413787479,4.440649767681397,Likely R,-8.311389359756497,10.0,0.0627450980392158,0.7576079054256301,0.24239209457368874,6.811836386463726e-13,-1.468008451596862,4.303355809300693,0.41430365876736547,fixture
H-PA-09,House,PA,False,,False,-36.47042425377596,6.743921944504673,6.460841737294619,0.0,-35.428615158306386,6.541917181697197,0.7867245413787479,4.440649767681397,Safe R,-36.37381687252061,23.828041042540573,0.0002525252525252819,0.11545037360314417,0.8671217182255274,0.017427908171328468,-35.565365296280206,7.2073872522453675,5.2874875152153297e-05,fixture
H-PA-10,House,PA,False,,False,-6.662090419954355,6.949130083747034,6.645660720644346,0.0,-5.881118088535526,6.541917181697197,0.7867245413787479,4.440649767681397,Likely R,-8.311389359756497,10.0,0.0627450980392158,0.11545037360314417,0.8671217182255274,0.017427908171328468,-6.013636180517805,6.641336649730715,0.24560105312171354,fixture
H-PA-11,House,PA,False,,False,-22.596899695246986,7.10942149491486,6.744898649747703,0.0,-21.50614531468859,6.541917181697197,0.7867245413787479,4.440649767681397,Safe R,-36.37381687252061,23.828041042540573,0.0002525252525252819,0.11545037360314417,0.8671217182255274,0.017427908171328468,-21.891185730064695,7.489915185662722,0.009913918733562066,fixture
H-PA-12,House,PA,True,2.0,False,23.109225163495626,4.243263840472863,3.680504936181957,0.5792830694803759,24.17092087915006,6.541917181697197,0.7867245413787479,4.440649767681397,Safe D,36.37381687252061,23.828041042540573,0.9997474747474747,0.7576079054256301,0.24239209457368874,6.811836386463726e-13,23.366571811822052,4.565437389317553,0.9996361945804884,fixture
H-PA-13,House,PA,False,,False,-44.17646423928387,6.886492033168048,6.670955169553214,0.0,-43.07554896256789,6.541917181697197,0.7867245413787479,4.440649767681397,Safe R,-36.37381687252061,23.828041042540573,0.0002525252525252819,0.11545037360314417,0.8671217182255274,0.017427908171328468,-43.08585287111597,7.284597931455945,1.5363332083869524e-06,fixture
H-PA-14,House,PA,False,,False,-31.13120156386437,6.9193389954817714,6.635830666514574,0.0,-30.040055184543117,6.541917181697197,0.7867245413787479,4.440649767681397,Safe R,-36.37381687252061,23.828041042540573,0.0002525252525252819,0.11545037360314417,0.8671217182255274,0.017427908171328468,-30.276412658768624,7.271147035660449,0.0005144586623635095,fixture
H-PA-15,House,PA,False,,False,-35.96779733855892,6.854248723674753,6.58293466174791,0.0,-34.76631097391754,6.541917181697197,0.7867245413787479,4.440649767681397,Safe R,-36.37381687252061,23.828041042540573,0.0002525252525252819,0.11545037360314417,0.8671217182255274,0.017427908171328468,-34.93303848878019,7.2244040503884,7.161264057181905e-05,fixture
H-PA-16,House,PA,False,,False,-21.096170770560676,6.849164177434366,6.6004620460131775,0.0,-20.013230577693466,6.541917181697197,0.7867245413787479,4.440649767681397,Safe R,-36.37381687252061,23.828041042540573,0.0002525252525252819,0.11545037360314417,0.8671217182255274,0.017427908171328468,-20.423387223125193,7.527739865794386,0.015138998042057166,fixture
H-PA-17,House,PA,True,10.0,False,2.740161500349221,3.055334259198546,2.2380116383854642,0.781874029824137,10.542447700244924,6.541917181697197,0.7867245413787479,4.440649767681397,Toss-up,0.0,8.0,0.5,0.7576079054256301,0.24239209457368874,6.811836386463726e-13,4.63137399480346,5.034610333450981,0.7374956125496679,fixture
H-RI-01,House,RI,False,,False,38.92908997989216,6.989437621815064,6.736732816714045,0.0,40.02120979252605,6.541917181697197,0.7867245413787479,4.440649767681397,Safe D,36.37381687252061,23.828041042540573,0.9997474747474747,0.11545037360314417,0.8671217182255274,0.017427908171328468,39.831557723263465,7.2510830561964905,0.999992403059355,fixture
H-RI-02,House,RI,False,,False,23.85666353876885,6.90872158741373,6.61839280371264,0.0,25.107837617047267,6.541917181697197,0.7867245413787479,4.440649767681397,Safe D,36.37381687252061,23.828041042540573,0.9997474747474747,0.11545037360314417,0.8671217182255274,0.017427908171328468,25.159731554191936,7.379172394146677,0.9965614354452181,fixture
H-SC-01,House,SC,True,1.0,False,-10.188297385754625,5.050115602647798,4.558155735335744,0.4040736955792148,-13.228617630490573,6.541917181697197,0.7867245413787479,4.440649767681397,Safe R,-36.37381687252061,23.828041042540573,0.0002525252525252819,0.7576079054256301,0.24239209457368874,6.811836386463726e-13,-10.925246978068799,5.273679991821378,0.07073900009587035,fixture
H-SC-02,House,SC,False,,False,-16.699151151134544,7.0317716299551565,6.740977872763448,0.0,-15.713017920609223,6.541917181697197,0.7867245413787479,4.440649767681397,Safe R,-36.37381687252061,23.828041042540573,0.0002525252525252819,0.11545037360314417,0.8671217182255274,0.017427908171328468,-16.18694187737604,7.718699383045411,0.04555263247429034,fixture
H-SC-03,House,SC,False,,False,-39.442612516778745,7.0860381894531494,6.785875272856121,0.0,-38.574059122343215,6.541917181697197,0.7867245413787479,4.440649767681397,Safe R,-36.37381687252061,23.828041042540573,0.0002525252525252819,0.11545037360314417,0.8671217182255274,0.017427908171328468,-38.63598831634049,7.244927204830561,1.3450750987083546e-05,fixture
H-SC-04,House,SC,False,,False,-23.166633389269567,7.006360571231784,6.678043001412399,0.0,-22.238163253540844,6.541917181697197,0.7867245413787479,4.440649767681397,Safe R,-36.37381687252061,23.828041042540573,0.0002525252525252819,0.11545037360314417,0.8671217182255274,0.017427908171328468,-22.591710350803375,7.457254326786379,0.007958551953467539,fixture
H-SC-05,House,SC,False,,False,-22.18136459421872,7.056098433434004,6.7895836330813335,0.0,-21.257100428786696,6.541917181697197,0.7867245413787479,4.440649767681397,Safe R,-36.37381687252061,23.828041042540573,0.0002525252525252819,0.11545037360314417,0.8671217182255274,0.017427908171328468,-21.627259818027227,7.501419961527465,0.010745106610344139,fixture
H-SC-06,House,SC,False,,False,32.25477673603556,6.924624814688093,6.65474042065636,0.0,33.09927645837713,6.541917181697197,0.7867245413787479,4.440649767681397,Safe D,36.37381687252061,23.828041042540573,0.9997474747474747,0.11545037360314417,0.8671217182255274,0.017427908171328468,33.05884703956604,7.237778092550043,0.9998374332557537,fixture
H-SC-07,House,SC,False,,False,-22.301570827540328,6.790876990336874,6.5693945904527355,0.0,-21.38092206554313,6.541917181697197,0.7867245413787479,4.440649767681397,Safe R,-36.37381687252061,23.828041042540573,0.0002525252525252819,0.11545037360314417,0.8671217182255274,0.017427908171328468,-21.74850610299137,7.474480508807659,0.010239911051855585,fixture
H-SD-01,House,SD,False,,False,-28.328774520905093,7.28166424126775,7.002671784067997,0.0,-27.130571255179117,6.541917181697197,0.7867245413787479,4.440649767681397,Safe R,-36.37381687252061,23.828041042540573,0.0002525252525252819,0.11545037360314417,0.8671217182255274,0.017427908171328468,-27.42999470568375,7.364207608868479,0.001586951414310936,fixture
H-TN-01,House,TN,False,,False,-54.508263629077916,7.143513656928366,6.83993801092133,0.0,-53.99171074044442,6.541917181697197,0.7867245413787479,4.440649767681397,Safe R,-36.37381687252061,23.828041042540573,0.0002525252525252819,0.11545037360314417,0.8671217182255274,0.017427908171328468,-53.74430392792055,7.601673163489527,7.332064147615652e-09,fixture
H-TN-02,House,TN,False,,False,-31.848828634636774,6.786061791748417,6.494091544636578,0.0,-30.933926430546567,6.541917181697197,0.7867245413787479,4.440649767681397,Safe R,-36.37381687252061,23.828041042540573,0.0002525252525252819,0.11545037360314417,0.8671217182255274,0.017427908171328468,-31.134358142903935,7.241973749116204,0.0003572610070404807,fixture
H-TN-03,House,TN,False,,False,-33.21954901530996,7.014569922218095,6.704807958420958,0.0,-32.45635028206763,6.541917181697197,0.7867245413787479,4.440649767681397,Safe R,-36.37381687252061,23.828041042540573,0.0002525252525252819,0.11545037360314417,0.8671217182255274,0.017427908171328468,-32.612735108956564,7.246056006153866,0.00019750878824202517,fixture
H-TN-04,House,TN,False,,False,-40.81777653814869,7.071961062738595,6.7439413828287735,0.0,-40.00931961549725,6.541917181697197,0.7867245413787479,4.440649767681397,Safe R,-36.37381687252061,23.828041042540573,0.0002525252525252819,0.11545037360314417,0.8671217182255274,0.017427908171328468,-40.03929706129819,7.249878803217945,6.842106633605924e-06,fixture
H-TN-05,House,TN,True,1.0,False,-7.3172704063794125,4.861275417390689,4.465436283933816,0.44780766976388264,-11.588571219826274,6.541917181697197,0.7867245413787479,4.440649767681397,Safe R,-36.37381687252061,23.828041042540573,0.0002525252525252819,0.7576079054256301,0.24239209457368874,6.811836386463726e-13,-8.35259995712489,5.369419627961655,0.13224600917826368,fixture
H-TN-06,House,TN,False,,False,-31.061496022976073,6.949732869576595,6.7033895151638445,0.0,-30.09656179944822,6.541917181697197,0.7867245413787479,4.440649767681397,Safe R,-36.37381687252061,23.828041042540573,0.0002525252525252819,0.11545037360314417,0.8671217182255274,0.017427908171328468,-30.317363241038485,7.2758747761620715,0.0005088091070348498,fixture
H-TN-07,House,TN,False,,False,-17.558364632808267,7.068744788987624,6.804765438580608,0.0,-16.59743533808269,6.541917181697197,0.7867245413787479,4.440649767681397,Safe R,-36.37381687252061,23.828041042540573,0.0002525252525252819,0.11545037360314417,0.8671217182255274,0.017427908171328468,-17.053035945508302,7.685451266574422,0.03713177335780179,fixture
H-TN-08,House,TN,False,,False,-38.62872850246216,6.89770834037392,6.624152010005451,0.0,-37.887080915830836,6.541917181697197,0.7867245413787479,4.440649767681397,Safe R,-36.37381687252061,23.828041042540573,0.0002525252525252819,0.11545037360314417,0.8671217182255274,0.017427908171328468,-37.94633138000351,7.2229401332162375,1.8055367103903583e-05,fixture
H-TN-09,House,TN,False,,False,49.15156064760343,7.073326737079562,6.78504110132826,0.0,50.00156483426312,6.541917181697197,0.7867245413787479,4.440649767681397,Safe D,36.37381687252061,23.828041042540573,0.9997474747474747,0.11545037360314417,0.8671217182255274,0.017427908171328468,49.66592839328977,7.451672941136458,0.999999942877695,fixture
H-TX-01,House,TX,False,,True,-10.349593107650607,15.343368933116837,15.170246222930858,0.0,-9.163198565554062,8.876749428263986,0.7867245413787479,4.440649767681397,Safe R,-36.37381687252061,23.828041042540573,0.0002525252525252819,0.11545037360314417,0.8671217182255274,0.017427908171328468,-9.774392415818722,10.838987846501457,0.21217266542581248,fixture
H-TX-02,House,TX,False,,True,-10.60928842872378,15.95852875811194,15.829517983672797,0.0,-9.163198565554062,8.876749428263986,0.7867245413787479,4.440649767681397,Safe R,-36.37381687252061,23.828041042540573,0.0002525252525252819,0.11545037360314417,0.8671217182255274,0.017427908171328468,-9.804374337659608,10.949179256308156,0.21330511345033282,fixture
H-TX-03,House,TX,False,,True,-10.655206311125454,15.855007760405204,15.713167622307317,0.0,-9.163198565554062,8.876749428263986,0.7867245413787479,4.440649767681397,Safe R,-36.37381687252061,23.828041042540573,0.0002525252525252819,0.11545037360314417,0.8671217182255274,0.017427908171328468,-9.809675574337946,10.93021374828098,0.21286410552357438,fixture
H-TX-04,House,TX,False,,True,-10.40023786637069,16.297490085311676,16.177290804240332,0.0,-9.163198565554062,8.876749428263986,0.7867245413787479,4.440649767681397,Safe R,-36.37381687252061,23.828041042540573,0.0002525252525252819,0.11545037360314417,0.8671217182255274,0.017427908171328468,-9.780239372133996,11.006144902413926,0.2148200164275995,fixture
H-TX-05,House,TX,False,,True,-10.004802893065037,15.569256613862688,15.487379280298757,0.0,-9.163198565554062,8.876749428263986,0.7867245413787479,4.440649767681397,Safe R,-36.37381687252061,23.828041042540573,0.0002525252525252819,0.11545037360314417,0.8671217182255274,0.017427908171328468,-9.73458625673011,10.889098968537636,0.2139548399711283,fixture
H-TX-06,House,TX,False,,True,-10.399546998444842,15.737358389244916,15.626890286485269,0.0,-9.163198565554062,8.876749428263986,0.7867245413787479,4.440649767681397,Safe R,-36.37381687252061,23.828041042540573,0.0002525252525252819,0.11545037360314417,0.8671217182255274,0.017427908171328468,-9.780159611173847,10.91394354078335,0.21328980870221387,fixture
H-TX-07,House,TX,False,,True,-3.569906046721998,15.953486011694599,15.754814116699887,0.0,-2.2219013390849938,8.876749428263986,0.7867245413787479,4.440649767681397,Safe D,36.37381687252061,23.828041042540573,0.9997474747474747,0.11545037360314417,0.8671217182255274,0.017427908171328468,-1.7048863534021508,11.523084617906235,0.447203199642467,fixture
H-TX-08,House,TX,False,,True,-10.562379559162627,15.63630748169568,15.54635583019006,0.0,-9.163198565554062,8.876749428263986,0.7867245413787479,4.440649767681397,Safe R,-36.37381687252061,23.828041042540573,0.0002525252525252819,0.11545037360314417,0.8671217182255274,0.017427908171328468,-9.798958691143472,10.901849320787242,0.21264367298233205,fixture
H-TX-09,House,TX,False,,True,-3.8359829338944906,15.846411420622292,15.73361034480614,0.0,-2.2219013390849938,8.876749428263986,0.7867245413787479,4.440649767681397,Safe D,36.37381687252061,23.828041042540573,0.9997474747474747,0.11545037360314417,0.8671217182255274,0.017427908171328468,-1.7356050294333767,11.525025281343472,0.44626486938842275,fixture
H-TX-10,House,TX,False,,True,-10.822773808292423,15.656983919980537,15.539751629396129,0.0,-9.163198565554062,8.876749428263986,0.7867245413787479,4.440649767681397,Safe R,-36.37381687252061,23.828041042540573,0.0002525252525252819,0.11545037360314417,0.8671217182255274,0.017427908171328468,-9.829021304489617,10.903184947647876,0.21195657226857945,fixture
H-TX-11,House,TX,False,,True,-10.800883377996886,15.606129141744479,15.508634083220908,0.0,-9.163198565554062,8.876749428263986,0.7867245413787479,4.440649767681397,Safe R,-36.37381687252061,23.828041042540573,0.0002525252525252819,0.11545037360314417,0.8671217182255274,0.017427908171328468,-9.826494046133664,10.897840413136933,0.2119267742779083,fixture
H-TX-12,House,TX,False,,True,-10.246212752148674,15.83389416312851,15.683957407565211,0.0,-9.163198565554062,8.876749428263986,0.7867245413787479,4.440649767681397,Safe R,-36.37381687252061,23.828041042540573,0.0002525252525252819,0.11545037360314417,0.8671217182255274,0.017427908171328468,-9.762457115152799,10.922496246537975,0.21385108128271202,fixture
H-TX-13,House,TX,False,,True,-10.398509832497817,16.377578928907653,16.288107447304878,0.0,-9.163198565554062,8.876749428263986,0.7867245413787479,4.440649767681397,Safe R,-36.37381687252061,23.828041042540573,0.0002525252525252819,0.11545037360314417,0.8671217182255274,0.017427908171328468,-9.780039869977774,11.024986852126867,0.21513643195962606,fixture
H-TX-14,House,TX,False,,True,-10.45538675701063,15.432721056918451,15.324697956930935,0.0,-9.163198565554062,8.876749428263986,0.7867245413787479,4.440649767681397,Safe R,-36.37381687252061,23.828041042540573,0.0002525252525252819,0.11545037360314417,0.8671217182255274,0.017427908171328468,-9.786606332162176,10.864742165923898,0.21231506354701685,fixture
H-TX-15,House,TX,True,5.0,True,0.3977376482928466,3.6587492583884322,3.021408238135807,0.9445270482257737,-9.163198565554062,8.876749428263986,0.7867245413787479,4.440649767681397,Toss-up,0.0,8.0,0.5,0.7576079054256301,0.24239209457368874,6.811836386463726e-13,-1.9197577066672098,6.542359331911156,0.4105818154891886,fixture
H-TX-16,House,TX,False,,True,-3.283957463498491,16.076590405632988,15.980429584173363,0.0,-2.2219013390849938,8.876749428263986,0.7867245413787479,4.440649767681397,Safe D,36.37381687252061,23.828041042540573,0.9997474747474747,0.11545037360314417,0.8671217182255274,0.017427908171328468,-1.6718734826377073,11.553930509006477,0.44833043958376884,fixture
H-TX-17,House,TX,False,,True,-10.915299581036157,15.766399963962295,15.6667820087511,0.0,-9.163198565554062,8.876749428263986,0.7867245413787479,4.440649767681397,Safe R,-36.37381687252061,23.828041042540573,0.0002525252525252819,0.11545037360314417,0.8671217182255274,0.017427908171328468,-9.8397034395208,10.92516420348226,0.2120721969422914,fixture
H-TX-18,House,TX,False,,True,-3.0848687220959436,15.482043873554376,15.313980221877513,0.0,-2.2219013390849938,8.876749428263986,0.7867245413787479,4.440649767681397,Safe D,36.37381687252061,23.828041042540573,0.9997474747474747,0.11545037360314417,0.8671217182255274,0.017427908171328468,-1.6488886130626037,11.44619595144891,0.4486536269587356,fixture
H-TX-19,House,TX,False,,True,-10.075857865234275,15.70730491017147,15.622527146243254,0.0,-9.163198565554062,8.876749428263986,0.7867245413787479,4.440649767681397,Safe R,-36.37381687252061,23.828041042540573,0.0002525252525252819,0.11545037360314417,0.8671217182255274,0.017427908171328468,-9.74278957981341,10.911591504618317,0.21413523611194774,fixture
H-TX-20,House,TX,False,,True,-3.323988801030477,15.93224047636302,15.764134883874965,0.0,-2.2219013390849938,8.876749428263986,0.7867245413787479,4.440649767681397,Safe D,36.37381687252061,23.828041042540573,0.9997474747474747,0.11545037360314417,0.8671217182255274,0.017427908171328468,-1.6764951155116088,11.520228800241256,0.44806709446949833,fixture
H-TX-21,House,TX,True,1.0,True,-13.832509526692558,5.463583764141208,5.036710247260901,0.8762995747826043,-9.163198565554062,8.876749428263986,0.7867245413787479,4.440649767681397,Safe R,-36.37381687252061,23.828041042540573,0.0002525252525252819,0.7576079054256301,0.24239209457368874,6.811836386463726e-13,-12.700705462621668,6.505597240035959,0.06569949812189363,fixture
H-TX-22,House,TX,False,,True,-10.59967997327263,15.942840344087772,15.826683733825712,0.0,-9.163198565554062,8.876749428263986,0.7867245413787479,4.440649767681397,Safe R,-36.37381687252061,23.828041042540573,0.0002525252525252819,0.11545037360314417,0.8671217182255274,0.017427908171328468,-9.803265037888025,10.948625102831462,0.21332205159043005,fixture
H-TX-23,House,TX,True,1.0,True,-8.742039229632775,5.5419907889792945,5.143879978429437,0.8727236886926912,-5.692549952319528,8.876749428263986,0.7867245413787479,4.440649767681397,Likely R,-8.311389359756497,10.0,0.0627450980392158,0.7576079054256301,0.24239209457368874,6.811836386463726e-13,-8.00286713632452,6.391661889296786,0.16831326882003445,fixture
H-TX-24,House,TX,False,,True,-10.780005800181039,15.5453755609253,15.433004727879652,0.0,-9.163198565554062,8.876749428263986,0.7867245413787479,4.440649767681397,Safe R,-36.37381687252061,23.828041042540573,0.0002525252525252819,0.11545037360314417,0.8671217182255274,0.017427908171328468,-9.824083721974896,10.885224297818736,0.21177249557757993,fixture
H-TX-25,House,TX,False,,True,-9.984070260287831,15.64717831205944,15.505320022124524,0.0,-9.163198565554062,8.876749428263986,0.7867245413787479,4.440649767681397,Safe R,-36.37381687252061,23.828041042540573,0.0002525252525252819,0.11545037360314417,0.8671217182255274,0.017427908171328468,-9.732192666530205,10.89198883450743,0.21405983810564044,fixture
H-TX-26,House,TX,True,1.0,True,-22.25937526154297,5.831797219231951,5.457695014072811,0.859064367176041,-9.163198565554062,8.876749428263986,0.7867245413787479,4.440649767681397,Safe R,-36.37381687252061,23.828041042540573,0.0002525252525252819,0.7576079054256301,0.24239209457368874,6.811836386463726e-13,-19.084965561304703,8.553472063170291,0.029117947816839043,fixture
H-TX-27,House,TX,True,1.0,True,-21.591911815830745,5.145143508742671,4.717247921552593,0.890298904080131,-9.163198565554062,8.876749428263986,0.7867245413787479,4.440649767681397,Safe R,-36.37381687252061,23.828041042540573,0.0002525252525252819,0.7576079054256301,0.24239209457368874,6.811836386463726e-13,-18.57928997825049,8.020313607220684,0.02703177234582963,fixture
H-TX-28,House,TX,True,1.0,True,13.071927883832542,5.780127113918761,5.352940631132878,0.8615507014963387,-2.2219013390849938,8.876749428263986,0.7867245413787479,4.440649767681397,Lean D,4.0064647903488435,8.0,0.8226415094339623,0.7576079054256301,0.24239209457368874,6.811836386463726e-13,9.364824584431094,9.152123200706978,0.8117129887382608,fixture
H-TX-29,House,TX,False,,True,-3.4724237353115903,15.694659269560898,15.612538897873293,0.0,-2.2219013390849938,8.876749428263986,0.7867245413787479,4.440649767681397,Safe D,36.37381687252061,23.828041042540573,0.9997474747474747,0.11545037360314417,0.8671217182255274,0.017427908171328468,-1.6936319841301213,11.498923372615087,0.4474615757138113,fixture
H-TX-30,House,TX,False,,True,-3.932511480039778,15.26005526917639,15.150524249607338,0.0,-2.2219013390849938,8.876749428263986,0.7867245413787479,4.440649767681397,Safe D,36.37381687252061,23.828041042540573,0.9997474747474747,0.11545037360314417,0.8671217182255274,0.017427908171328468,-1.7467492861492189,11.436561136021492,0.44558812429881156,fixture
H-TX-31,House,TX,False,,True,-9.916026875286974,16.108326146724497,15.961680042948814,0.0,-9.163198565554062,8.876749428263986,0.7867245413787479,4.440649767681397,Safe R,-36.37381687252061,23.828041042540573,0.0002525252525252819,0.11545037360314417,0.8671217182255274,0.017427908171328468,-9.724337032310633,10.967672316926699,0.21550424588113604,fixture
H-TX-32,House,TX,False,,True,-3.3998724850865134,15.737515034904218,15.68243114745839,0.0,-2.2219013390849938,8.876749428263986,0.7867245413787479,4.440649767681397,Safe D,36.37381687252061,23.828041042540573,0.9997474747474747,0.11545037360314417,0.8671217182255274,0.017427908171328468,-1.6852559151862612,11.508627177696308,0.4477551677809393,fixture
H-TX-33,House,TX,False,,True,-4.01082813436128,15.617807902468787,15.494195784874025,0.0,-2.2219013390849938,8.876749428263986,0.7867245413787479,4.440649767681397,Safe D,36.37381687252061,23.828041042540573,0.9997474747474747,0.11545037360314417,0.8671217182255274,0.017427908171328468,-1.7557909731499843,11.491343425007887,0.44551644057537076,fixture
H-TX-34,House,TX,False,,True,-3.7652381074747687,15.833007383837549,15.710418642787328,0.0,-2.2219013390849938,8.876749428263986,0.7867245413787479,4.440649767681397,Safe D,36.37381687252061,23.828041042540573,0.9997474747474747,0.11545037360314417,0.8671217182255274,0.017427908171328468,-1.7274375127927306,11.51990529474287,0.4464972010315759,fixture
H-TX-35,House,TX,False,,True,-3.294218324354525,15.932024060408637,15.811417715981204,0.0,-2.2219013390849938,8.876749428263986,0.7867245413787479,4.440649767681397,Safe D,36.37381687252061,23.828041042540573,0.9997474747474747,0.11545037360314417,0.8671217182255274,0.017427908171328468,-1.6730581028570266,11.527220067434083,0.44819811824012523,fixture
H-TX-36,House,TX,False,,True,-10.629315211785343,15.753736474545601,15.609095780467703,0.0,-9.163198565554062,8.876749428263986,0.7867245413787479,4.440649767681397,Safe R,-36.37381687252061,23.828041042540573,0.0002525252525252819,0.11545037360314417,0.8671217182255274,0.017427908171328468,-9.806686437246135,10.912756070961509,0.212643351062756,fixture
H-TX-37,House,TX,False,,True,-3.2146411463190945,15.395081525505764,15.242005248395186,0.0,-2.2219013390849938,8.876749428263986,0.7867245413787479,4.440649767681397,Safe D,36.37381687252061,23.828041042540573,0.9997474747474747,0.11545037360314417,0.8671217182255274,0.017427908171328468,-1.663870887922552,11.437055738449105,0.44815665873872845,fixture
H-TX-38,House,TX,False,,True,-10.473062514173147,15.882694635147466,15.727521814564293,0.0,-9.163198565554062,8.876749428263986,0.7867245413787479,4.440649767681397,Safe R,-36.37381687252061,23.828041042540573,0.0002525252525252819,0.11545037360314417,0.8671217182255274,0.017427908171328468,-9.788647004930308,10.931125441328557,0.213375647108072,fixture
H-UT-01,House,UT,False,,True,-22.87900292635657,15.965408599721169,15.804014455504277,0.0,-21.749912988843892,8.876749428263986,0.7867245413787479,4.440649767681397,Safe R,-36.37381687252061,23.828041042540573,0.0002525252525252819,0.11545037360314417,0.8671217182255274,0.017427908171328468,-22.135130897952333,10.5253516563555,0.032076864249264356,fixture
H-UT-02,House,UT,False,,True,-22.947469284018002,15.876366806267521,15.834998412764095,0.0,-21.749912988843892,8.876749428263986,0.7867245413787479,4.440649767681397,Safe R,-36.37381687252061,23.828041042540573,0.0002525252525252819,0.11545037360314417,0.8671217182255274,0.017427908171328468,-22.143035364523595,10.531307717192524,0.03208769124851578,fixture
H-UT-03,House,UT,True,1.0,True,-20.793825825749494,5.468398843051986,5.038314249941245,0.8760814433147456,-21.749912988843892,8.876749428263986,0.7867245413787479,4.440649767681397,Safe R,-36.37381687252061,23.828041042540573,0.0002525252525252819,0.7576079054256301,0.24239209457368874,6.811836386463726e-13,-21.02557379581757,6.204767370772858,0.005118626793777375,fixture
H-UT-04,House,UT,False,,True,-23.106313699529846,15.842720356814695,15.696576652215475,0.0,-21.749912988843892,8.876749428263986,0.7867245413787479,4.440649767681397,Safe R,-36.37381687252061,23.828041042540573,0.0002525252525252819,0.11545037360314417,0.8671217182255274,0.017427908171328468,-22.161374011639207,10.508883013822722,0.03175860123072559,fixture
H-VT-01,House,VT,False,,False,34.769343647376374,7.136084683116908,6.867199279633557,0.0,36.04730002504198,6.541917181697197,0.7867245413787479,4.440649767681397,Safe D,36.37381687252061,23.828041042540573,0.9997474747474747,0.11545037360314417,0.8671217182255274,0.017427908171328468,35.90544998942621,7.253951744265855,0.9999516071767656,fixture
H-VA-01,House,VA,False,,False,-11.765621213204062,6.983350932037818,6.6821484266477915,0.0,-10.81504109659309,6.541917181697197,0.7867245413787479,4.440649767681397,Likely R,-8.311389359756497,10.0,0.0627450980392158,0.11545037360314417,0.8671217182255274,0.017427908171328468,-10.881152513632973,6.649579108998066,0.10662037296640814,fixture
H-VA-02,House,VA,True,8.0,False,0.9281505031539279,3.20560518883151,2.4404893810627577,0.7598901473793361,-3.3218679341252306,6.541917181697197,0.7867245413787479,4.440649767681397,Lean R,-4.0064647903488435,8.0,0.1773584905660377,0.7576079054256301,0.24239209457368874,6.811836386463726e-13,-0.10202036783832412,4.2664826366339295,0.4939859221322124,fixture
H-VA-03,House,VA,False,,False,38.4163053272809,6.914626920419872,6.656779839184758,0.0,39.43724539320958,6.541917181697197,0.7867245413787479,4.440649767681397,Safe D,36.37381687252061,23.828041042540573,0.9997474747474747,0.11545037360314417,0.8671217182255274,0.017427908171328468,39.26598833022369,7.2370955357530695,0.9999902062353254,fixture
H-VA-04,House,VA,False,,False,36.38337246929712,7.0812095556133325,6.85605973930902,0.0,37.33683045691586,6.541917181697197,0.7867245413787479,4.440649767681397,Safe D,36.37381687252061,23.828041042540573,0.9997474747474747,0.11545037360314417,0.8671217182255274,0.017427908171328468,37.20997006371379,7.248234460810911,0.9999735159594361,fixture
H-VA-05,House,VA,True,2.0,False,-3.214228049606047,4.235081634188894,3.72768938427519,0.5809040263151275,-11.033871358377255,6.541917181697197,0.7867245413787479,4.440649767681397,Likely R,-8.311389359756497,10.0,0.0627450980392158,0.7576079054256301,0.24239209457368874,6.811836386463726e-13,-5.109647770041701,5.668327377796437,0.2531515232694575,fixture
H-VA-06,House,VA,False,,False,-25.03502784615033,6.866466323305425,6.571243456212266,0.0,-24.15129831699524,6.541917181697197,0.7867245413787479,4.440649767681397,Safe R,-36.37381687252061,23.828041042540573,0.0002525252525252819,0.11545037360314417,0.8671217182255274,0.017427908171328468,-24.46633815230838,7.388154706865329,0.004316688574860952,fixture
H-VA-07,House,VA,True,1.0,False,7.47722306951383,4.389052237926139,3.970990931574865,0.5498767810666554,11.199550397583362,6.541917181697197,0.7867245413787479,4.440649767681397,Toss-up,0.0,8.0,0.5,0.7576079054256301,0.24239209457368874,6.811836386463726e-13,8.379485787248392,4.98643762645983,0.8777420625814213,fixture
H-VA-08,House,VA,False,,False,54.64260399105217,7.006875042494469,6.738595767485177,0.0,55.54910904283764,6.541917181697197,0.7867245413787479,4.440649767681397,Safe D,36.37381687252061,23.828041042540573,0.9997474747474747,0.11545037360314417,0.8671217182255274,0.017427908171328468,55.11026746483319,7.652313918040705,0.9999999963671684,fixture
H-VA-09,House,VA,False,,False,-42.39713248832065,6.838976274831333,6.585909609170336,0.0,-41.355384882659905,6.541917181697197,0.7867245413787479,4.440649767681397,Safe R,-36.37381687252061,23.828041042540573,0.0002525252525252819,0.11545037360314417,0.8671217182255274,0.017427908171328468,-41.38883672310369,7.250469134571593,3.47488437219186e-06,fixture
H-VA-10,House,VA,True,2.0,False,12.684004108348498,4.231840526578095,3.697715592062447,0.5815452490826497,16.312738689517502,6.541917181697197,0.7867245413787479,4.440649767681397,Lean D,4.0064647903488435,8.0,0.8226415094339623,0.7576079054256301,0.24239209457368874,6.811836386463726e-13,13.563580684124117,4.811498840979932,0.9722977564692862,fixture
H-VA-11,House,VA,False,,False,39.04889737372276,6.975379292042017,6.633731334833912,0.0,40.08173310870707,6.541917181697197,0.7867245413787479,4.440649767681397,Safe D,36.37381687252061,23.828041042540573,0.9997474747474747,0.11545037360314417,0.8671217182255274,0.017427908171328468,39.89787061356122,7.239791894065806,0.9999927860983977,fixture
H-WA-01,House,WA,False,,False,29.822234842214275,6.9976701927134295,6.7293511757165705,0.0,31.535848389381233,6.541917181697197,0.7867245413787479,4.440649767681397,Safe D,36.37381687252061,23.828041042540573,0.9997474747474747,0.11545037360314417,0.8671217182255274,0.017427908171328468,31.422326735609335,7.277856220162451,0.999668916232506,fixture
H-WA-02,House,WA,True,1.0,False,17.762651106897156,4.976728834238532,4.520114064051399,0.4212674990111934,24.760604609557312,6.541917181697197,0.7867245413787479,4.440649767681397,Safe D,36.37381687252061,23.828041042540573,0.9997474747474747,0.7576079054256301,0.24239209457368874,6.811836386463726e-13,19.45889971414891,5.903016204558647,0.9932078517197098,fixture
H-WA-03,House,WA,True,1.0,False,-10.672229626945443,4.49738248876334,4.010326475252657,0.5273827536398434,-0.6369223037585492,6.541917181697197,0.7867245413787479,4.440649767681397,Likely R,-8.311389359756497,10.0,0.0627450980392158,0.7576079054256301,0.24239209457368874,6.811836386463726e-13,-8.239750465185885,6.407159488300979,0.1589354064311877,fixture
H-WA-04,House,WA,False,,False,-21.694496889999847,7.056077071169775,6.7814452412167014,0.0,-20.12390151565894,6.541917181697197,0.7867245413787479,4.440649767681397,Safe R,-36.37381687252061,23.828041042540573,0.0002525252525252819,0.11545037360314417,0.8671217182255274,0.017427908171328468,-20.588429371037215,7.548868470486354,0.01462731958032499,fixture
H-WA-05,House,WA,False,,False,-14.521162614341286,7.12365018529265,6.8607763895974445,0.0,-12.7115355404758,6.541917181697197,0.7867245413787479,4.440649767681397,Safe R,-36.37381687252061,23.828041042540573,0.0002525252525252819,0.11545037360314417,0.8671217182255274,0.017427908171328468,-13.332841728414952,7.886022243228784,0.08498472547423214,fixture
H-WA-06,House,WA,False,,False,17.366831465232693,7.235098972040868,6.955333711193993,0.0,19.087339532405252,6.541917181697197,0.7867245413787479,4.440649767681397,Likely D,8.311389359756497,10.0,0.9372549019607842,0.11545037360314417,0.8671217182255274,0.017427908171328468,18.700903963195223,6.830372742555629,0.9823933104609113,fixture
H-WA-07,House,WA,False,,False,72.1804075596925,6.941745412543065,6.705529078827512,0.0,73.91769092712187,6.541917181697197,0.7867245413787479,4.440649767681397,Safe D,36.37381687252061,23.828041042540573,0.9997474747474747,0.11545037360314417,0.8671217182255274,0.017427908171328468,73.06280972387812,8.739519292815302,0.9999999999988214,fixture
H-WA-08,House,WA,True,2.0,False,11.730532631813304,4.234650550124149,3.6087094270989653,0.5809893405624491,10.191082852313663,6.541917181697197,0.7867245413787479,4.440649767681397,Toss-up,0.0,8.0,0.5,0.7576079054256301,0.24239209457368874,6.811836386463726e-13,11.357382175261392,4.546971083565913,0.9500392607899389,fixture
H-WA-09,House,WA,False,,False,44.19151791842801,7.116229273413465,6.865113897358267,0.0,46.05389061679908,6.541917181697197,0.7867245413787479,4.440649767681397,Safe D,36.37381687252061,23.828041042540573,0.9997474747474747,0.11545037360314417,0.8671217182255274,0.017427908171328468,45.67017555667687,7.37105684333404,0.9999995432778572,fixture
H-WA-10,House,WA,False,,False,17.910566130710087,6.915760545192702,6.674362284312494,0.0,19.69294802531839,6.541917181697197,0.7867245413787479,4.440649767681397,Likely D,8.311389359756497,10.0,0.9372549019607842,0.11545037360314417,0.8671217182255274,0.017427908171328468,19.288814610412384,6.815919632976096,0.9851782597828126,fixture
H-WV-01,House,WV,False,,False,-30.817601335283758,6.862486374795989,6.598476782662941,0.0,-29.647265071012637,6.541917181697197,0.7867245413787479,4.440649767681397,Safe R,-36.37381687252061,23.828041042540573,0.0002525252525252819,0.11545037360314417,0.8671217182255274,0.017427908171328468,-29.899610557070414,7.274254101148829,0.0005960046758779291,fixture
H-WV-02,House,WV,False,,False,-30.32357224913993,7.060902936456084,6.7991389234190995,0.0,-29.091981988301068,6.541917181697197,0.7867245413787479,4.440649767681397,Safe R,-36.37381687252061,23.828041042540573,0.0002525252525252819,0.11545037360314417,0.8671217182255274,0.017427908171328468,-29.361076693721866,7.305406637974083,0.0007518786701909256,fixture
H-WI-01,House,WI,True,2.0,False,1.2536357526341886,4.251477150909711,3.7205056929161695,0.577652804138082,-2.8522704023557504,6.541917181697197,0.7867245413787479,4.440649767681397,Lean R,-4.0064647903488435,8.0,0.1773584905660377,0.7576079054256301,0.24239209457368874,6.811836386463726e-13,0.2583965595995935,4.894524134711248,0.5144410122638173,fixture
H-WI-02,House,WI,False,,False,43.65061264351119,7.003760104891667,6.750611432085903,0.0,44.100729642503794,6.541917181697197,0.7867245413787479,4.440649767681397,Safe D,36.37381687252061,23.828041042540573,0.9997474747474747,0.11545037360314417,0.8671217182255274,0.017427908171328468,43.91409954060183,7.300364933108286,0.999998978862598,fixture
H-WI-03,House,WI,False,,False,-5.476806410609655,7.37505634673794,7.066778820743314,0.0,-4.915086380804327,6.541917181697197,0.7867245413787479,4.440649767681397,Likely R,-8.311389359756497,10.0,0.0627450980392158,0.11545037360314417,0.8671217182255274,0.017427908171328468,-5.039127624544909,6.696290798233852,0.28295245754931875,fixture
H-WI-04,House,WI,False,,False,54.43701571206704,7.259650686917174,6.968898209997488,0.0,54.93563552899522,6.541917181697197,0.7867245413787479,4.440649767681397,Safe D,36.37381687252061,23.828041042540573,0.9997474747474747,0.11545037360314417,0.8671217182255274,0.017427908171328468,54.554576013807036,7.648536395826831,0.9999999949237601,fixture
H-WI-05,House,WI,False,,False,-24.05396768071366,6.793444424478632,6.518481745332041,0.0,-23.497892960257513,6.541917181697197,0.7867245413787479,4.440649767681397,Safe R,-36.37381687252061,23.828041042540573,0.0002525252525252819,0.11545037360314417,0.8671217182255274,0.017427908171328468,-23.786492414049373,7.3994864487678,0.005373737629982654,fixture
H-WI-06,House,WI,False,,False,-16.421508533764694,7.172697790091532,6.896198354842876,0.0,-15.85669730067591,6.541917181697197,0.7867245413787479,4.440649767681397,Safe R,-36.37381687252061,23.828041042540573,0.0002525252525252819,0.11545037360314417,0.8671217182255274,0.017427908171328468,-16.27947544438954,7.725931206970892,0.04473296113714062,fixture
H-WI-07,House,WI,False,,False,-20.000505470494158,6.815747055165986,6.563000083019044,0.0,-19.532364646723916,6.541917181697197,0.7867245413787479,4.440649767681397,Safe R,-36.37381687252061,23.828041042540573,0.0002525252525252819,0.11545037360314417,0.8671217182255274,0.017427908171328468,-19.879922962590076,7.538270531219346,0.017562857713461662,fixture
H-WI-08,House,WI,True,1.0,False,-9.314774152314207,5.155081038558513,4.797275854877594,0.3790438824335025,-15.761462912578809,6.541917181697197,0.7867245413787479,4.440649767681397,Safe R,-36.37381687252061,23.828041042540573,0.0002525252525252819,0.7576079054256301,0.24239209457368874,6.811836386463726e-13,-10.877400543997833,5.953236155267942,0.08525226860873375,fixture
H-WY-01,House,WY,False,,False,-45.16351329735667,7.152351140237579,6.848606960492874,0.0,-43.934219983338295,6.541917181697197,0.7867245413787479,4.440649767681397,Safe R,-36.37381687252061,23.828041042540573,0.0002525252525252819,0.11545037360314417,0.8671217182255274,0.017427908171328468,-43.944380344556,7.320561657763024,1.046222557593104e-06,fixture
S-AL,Senate,AL,False,,False,-20.12488443527682,8.242309448480672,8.125583879373112,0.0,-19.0881875966344,7.899948350483812,0.5831995186674463,4.440649767681397,Safe R,-36.37381687252061,23.828041042540573,0.0002525252525252819,0.11545037360314417,0.8671217182255274,0.017427908171328468,-19.509126993672638,8.76289613060021,0.027575432167918874,fixture
S-AK,Senate,AK,True,2.0,False,-10.714513854556596,4.286437109880603,3.8491063520102453,0.7055955239818612,-10.783862576347722,7.899948350483812,0.5831995186674463,4.440649767681397,Safe R,-36.37381687252061,23.828041042540573,0.0002525252525252819,0.7576079054256301,0.24239209457368874,6.811836386463726e-13,-10.731323436505033,5.133498475028563,0.06921521614368199,fixture
S-AR,Senate,AR,False,,False,-25.749419003702467,8.406978695427346,8.26970167878985,0.0,-25.305661711048973,7.899948350483812,0.5831995186674463,4.440649767681397,Safe R,-36.37381687252061,23.828041042540573,0.0002525252525252819,0.11545037360314417,0.8671217182255274,0.017427908171328468,-25.549788448055082,8.602618273643353,0.005449335347478601,fixture
S-CO,Senate,CO,True,1.0,False,11.314808254368685,5.176554523823236,4.914528885871386,0.5706286311432337,16.02383281237608,7.899948350483812,0.5831995186674463,4.440649767681397,Likely D,8.311389359756497,10.0,0.9372549019607842,0.7576079054256301,0.24239209457368874,6.811836386463726e-13,12.456238580380992,6.123548754039127,0.9421482734856811,fixture
S-DE,Senate,DE,False,,False,21.284185825345908,8.388367350672569,8.25441137252689,0.0,22.190787555297167,7.899948350483812,0.5831995186674463,4.440649767681397,Safe D,36.37381687252061,23.828041042540573,0.9997474747474747,0.11545037360314417,0.8671217182255274,0.017427908171328468,22.333300579396866,8.686661957616074,0.9864314130332458,fixture
S-GA,Senate,GA,True,9.0,False,4.893020334849032,3.34659664924382,2.751954806915303,0.8205438939361569,3.8946211082773106,7.899948350483812,0.5831995186674463,4.440649767681397,Lean R,-4.0064647903488435,8.0,0.1773584905660377,0.7576079054256301,0.24239209457368874,6.811836386463726e-13,4.6510162550934995,4.587821005849099,0.7483267882201011,fixture
S-ID,Senate,ID,False,,False,-30.586977576273416,7.985399403510622,7.799378339234619,0.0,-29.85268149438788,7.899948350483812,0.5831995186674463,4.440649767681397,Safe R,-36.37381687252061,23.828041042540573,0.0002525252525252819,0.11545037360314417,0.8671217182255274,0.017427908171328468,-30.05110599991979,8.47339263896678,0.0012316108022692829,fixture
S-IL,Senate,IL,True,1.0,False,17.57448419536123,4.8611457630229715,4.465616954102704,0.6213580015470483,17.355830990851928,7.899948350483812,0.5831995186674463,4.440649767681397,Safe D,36.37381687252061,23.828041042540573,0.9997474747474747,0.7576079054256301,0.24239209457368874,6.811836386463726e-13,17.521484387147776,5.499480732996792,0.9905389585037222,fixture
S-IA,Senate,IA,True,5.0,False,-4.686346943034972,3.394163950912231,2.766633194020014,0.8154061918754524,-2.264138739998044,7.899948350483812,0.5831995186674463,4.440649767681397,Likely R,-8.311389359756497,10.0,0.0627450980392158,0.7576079054256301,0.24239209457368874,6.811836386463726e-13,-4.099222823209749,4.690825326761579,0.27946422407689614,fixture
S-KS,Senate,KS,True,2.0,False,-7.887910085813476,4.104481210518184,3.6484148340865663,0.7300595049706288,-16.340034883645927,7.899948350483812,0.5831995186674463,4.440649767681397,Safe R,-36.37381687252061,23.828041042540573,0.0002525252525252819,0.7576079054256301,0.24239209457368874,6.811836386463726e-13,-9.936638319177703,6.191185552994563,0.10826337996419205,fixture
S-KY,Senate,KY,True,1.0,False,-14.511604255996057,5.473981808664996,5.180516973954608,0.5198707153457867,-17.37639316520518,7.899948350483812,0.5831995186674463,4.440649767681397,Safe R,-36.37381687252061,23.828041042540573,0.0002525252525252819,0.7576079054256301,0.24239209457368874,6.811836386463726e-13,-15.20600644022562,6.0800584123424795,0.026689551142673764,fixture
S-LA,Senate,LA,False,,False,-16.69745288802948,8.197641191032494,8.058952584591523,0.0,-15.758153911891966,7.899948350483812,0.5831995186674463,4.440649767681397,Safe R,-36.37381687252061,23.828041042540573,0.0002525252525252819,0.11545037360314417,0.8671217182255274,0.017427908171328468,-16.225884210580986,8.876917684475346,0.05709036325766742,fixture
S-ME,Senate,ME,True,10.0,False,6.514256024291859,3.202862093437164,2.5172886502687843,0.8356279486169315,5.543651290071417,7.899948350483812,0.5831995186674463,4.440649767681397,Toss-up,0.0,8.0,0.5,0.7576079054256301,0.24239209457368874,6.811836386463726e-13,6.27898910975659,4.483442809106292,0.8187934486702887,fixture
S-MA,Senate,MA,True,1.0,False,33.60376946056961,4.991532122210428,4.6775085710562605,0.600773614497373,38.31465081938129,7.899948350483812,0.5831995186674463,4.440649767681397,Safe D,36.37381687252061,23.828041042540573,0.9997474747474747,0.7576079054256301,0.24239209457368874,6.811836386463726e-13,34.745649860422,5.981524379537768,0.999995575728156,fixture
S-MI,Senate,MI,True,11.0,False,3.1806844526339035,3.2424455711316447,2.5840435526995766,0.8315399654698606,4.9881400819273765,7.899948350483812,0.5831995186674463,4.440649767681397,Toss-up,0.0,8.0,0.5,0.7576079054256301,0.24239209457368874,6.811836386463726e-13,3.618797408465187,4.559186387597894,0.698966976410224,fixture
S-MN,Senate,MN,True,5.0,False,6.893566919516796,3.516384815509042,2.9160255656794005,0.8018727150419035,7.714619549214877,7.899948350483812,0.5831995186674463,4.440649767681397,Lean D,4.0064647903488435,8.0,0.8226415094339623,0.7576079054256301,0.24239209457368874,6.811836386463726e-13,7.092583586182583,4.657615671657737,0.8451808950154889,fixture
S-MS,Senate,MS,True,1.0,False,-11.013656344534667,5.516124013139192,5.239407775914485,0.5124495754191525,-15.230127881140763,7.899948350483812,0.5831995186674463,4.440649767681397,Safe R,-36.37381687252061,23.828041042540573,0.0002525252525252819,0.7576079054256301,0.24239209457368874,6.811836386463726e-13,-12.035695712020232,6.260169425835953,0.06646329840543166,fixture
S-MT,Senate,MT,False,,False,-16.40020616683524,8.115660765667707,8.02389013763149,0.0,-15.336728681506859,7.899948350483812,0.5831995186674463,4.440649767681397,Safe R,-36.37381687252061,23.828041042540573,0.0002525252525252819,0.11545037360314417,0.8671217182255274,0.017427908171328468,-15.82613999569168,8.890919340670298,0.06190861880315174,fixture
S-NE,Senate,NE,False,,False,-19.83087969223712,8.278304185038667,8.140300202818743,0.0,-19.50164834623375,7.899948350483812,0.5831995186674463,4.440649767681397,Safe R,-36.37381687252061,23.828041042540573,0.0002525252525252819,0.11545037360314417,0.8671217182255274,0.017427908171328468,-19.833704831859013,8.74786916893173,0.025464716044970304,fixture
S-NH,Senate,NH,True,4.0,False,8.18812347058201,3.6036051922216332,3.071050511021304,0.7919221248972201,6.486124465278493,7.899948350483812,0.5831995186674463,4.440649767681397,Toss-up,0.0,8.0,0.5,0.7576079054256301,0.24239209457368874,6.811836386463726e-13,7.775572366718578,4.775429010081977,0.8648835534613638,fixture
S-NJ,Senate,NJ,True,1.0,False,18.01819017735862,4.7696936714279214,4.369260415834937,0.6354706746261399,19.97524652373485,7.899948350483812,0.5831995186674463,4.440649767681397,Likely D,8.311389359756497,10.0,0.9372549019607842,0.7576079054256301,0.24239209457368874,6.811836386463726e-13,18.492565164348875,5.503989956270194,0.993320110669183,fixture
S-NM,Senate,NM,True,2.0,False,4.295295035054455,4.645300983253879,4.232465866662434,0.6542364462686828,16.367655858376608,7.899948350483812,0.5831995186674463,4.440649767681397,Likely D,8.311389359756497,10.0,0.9372549019607842,0.7576079054256301,0.24239209457368874,6.811836386463726e-13,7.221539861471588,7.447340408871082,0.7885966367518629,fixture
S-NC,Senate,NC,True,9.0,False,-1.2691346285338936,3.275290448815401,2.5829044941288664,0.8281097933568672,1.8590407661920816,7.899948350483812,0.5831995186674463,4.440649767681397,Lean R,-4.0064647903488435,8.0,0.1773584905660377,0.7576079054256301,0.24239209457368874,6.811836386463726e-13,-0.5108896424142535,4.688153445876199,0.47100298203214125,fixture
S-OK,Senate,OK,False,,False,-30.88599988579677,8.254943905117058,8.103193400111959,0.0,-29.91977663480703,7.899948350483812,0.5831995186674463,4.440649767681397,Safe R,-36.37381687252061,23.828041042540573,0.0002525252525252819,0.11545037360314417,0.8671217182255274,0.017427908171328468,-30.143807890714772,8.50739194722976,0.0012296607023766957,fixture
S-OR,Senate,OR,False,,False,18.98063555748244,8.393583025044483,8.24603955871992,0.0,19.337584763790286,7.899948350483812,0.5831995186674463,4.440649767681397,Likely D,8.311389359756497,10.0,0.9372549019607842,0.11545037360314417,0.8671217182255274,0.017427908171328468,19.104211323584078,8.111012719872235,0.9765060631576802,fixture
S-RI,Senate,RI,False,,False,29.69564789347028,8.429999715768734,8.301061969041902,0.0,30.56851513848425,7.899948350483812,0.5831995186674463,4.440649767681397,Safe D,36.37381687252061,23.828041042540573,0.9997474747474747,0.11545037360314417,0.8671217182255274,0.017427908171328468,30.568916554469084,8.523040460232473,0.9989184988889204,fixture
S-SC,Senate,SC,False,,False,-14.55366477156847,8.06419734866703,7.934055446271437,0.0,-13.926148786800454,7.899948350483812,0.5831995186674463,4.440649767681397,Safe R,-36.37381687252061,23.828041042540573,0.0002525252525252819,0.11545037360314417,0.8671217182255274,0.017427908171328468,-14.389811639742257,8.938197502158825,0.0816989953282019,fixture
S-SD,Senate,SD,False,,False,-26.603256360023227,7.925219579988667,7.764244889383468,0.0,-25.73677636009789,7.899948350483812,0.5831995186674463,4.440649767681397,Safe R,-36.37381687252061,23.828041042540573,0.0002525252525252819,0.11545037360314417,0.8671217182255274,0.017427908171328468,-26.02219316507413,8.540982161215855,0.004570769814161605,fixture
S-TN,Senate,TN,True,1.0,False,-22.20335576199699,5.389638151374695,5.077458643772533,0.5345524878186219,-23.33101493107611,7.899948350483812,0.5831995186674463,4.440649767681397,Safe R,-36.37381687252061,23.828041042540573,0.0002525252525252819,0.7576079054256301,0.24239209457368874,6.811836386463726e-13,-22.476691429964955,5.906994656584797,0.0018465549120755184,fixture
S-TX,Senate,TX,True,1.0,False,-16.17904007647351,5.072651710925384,4.781947359282674,0.5876921671568116,-9.315128974594277,7.899948350483812,0.5831995186674463,4.440649767681397,Likely R,-8.311389359756497,10.0,0.0627450980392158,0.7576079054256301,0.24239209457368874,6.811836386463726e-13,-14.515282287516046,6.411203002093047,0.03742456055691297,fixture
S-VA,Senate,VA,True,6.0,False,7.626444602667629,3.376195274006819,2.760208651586061,0.8173554946825609,13.31679580415366,7.899948350483812,0.5831995186674463,4.440649767681397,Lean D,4.0064647903488435,8.0,0.8226415094339623,0.7576079054256301,0.24239209457368874,6.811836386463726e-13,9.005740749253267,5.181287584598242,0.8896825609474466,fixture
S-WV,Senate,WV,False,,False,-29.78509929018278,8.339316515170532,8.285037897053707,0.0,-28.809852437237687,7.899948350483812,0.5831995186674463,4.440649767681397,Safe R,-36.37381687252061,23.828041042540573,0.0002525252525252819,0.11545037360314417,0.8671217182255274,0.017427908171328468,-29.054269128354797,8.543032544674299,0.0018075189347347407,fixture
S-WY,Senate,WY,False,,False,-41.90559312225486,8.12375181151951,7.99217137959616,0.0,-41.094814453393234,7.899948350483812,0.5831995186674463,4.440649767681397,Safe R,-36.37381687252061,23.828041042540573,0.0002525252525252819,0.11545037360314417,0.8671217182255274,0.017427908171328468,-41.106142041306256,8.476441654560139,1.732021835701813e-05,fixture
S-OH-special,Senate,OH,False,,False,-9.335634547998545,8.075059252644099,7.951788887404798,0.0,-8.630473104253628,7.899948350483812,0.5831995186674463,4.440649767681397,Likely R,-8.311389359756497,10.0,0.0627450980392158,0.11545037360314417,0.8671217182255274,0.017427908171328468,-8.706323294186452,7.950636150224338,0.17927350888955107,fixture
S-FL-special,Senate,FL,True,8.0,False,1.7503385298919778,3.294150877304354,2.6846816740290427,0.8261244689139107,-4.581412062445797,7.899948350483812,0.5831995186674463,4.440649767681397,Likely R,-8.311389359756497,10.0,0.0627450980392158,0.7576079054256301,0.24239209457368874,6.811836386463726e-13,0.2155722414901763,5.286796144885333,0.5115668094512823,fixture
G-AL,Governor,AL,False,,False,-16.171440151541155,14.200556033531644,14.045439584818395,0.0,-15.115856918527953,14.127090026950597,0.686999043355715,4.440649767681397,Safe R,-36.37381687252061,23.828041042540573,0.0002525252525252819,0.11545037360314417,0.8671217182255274,0.017427908171328468,-15.608206171136505,14.611228329354079,0.15824673808579187,fixture
G-AK,Governor,AK,True,6.0,False,-3.9476056917014,3.4391495496041626,2.7796180509146025,0.9407352172064595,-6.647163585796629,14.127090026950597,0.686999043355715,4.440649767681397,Safe R,-36.37381687252061,23.828041042540573,0.0002525252525252819,0.7576079054256301,0.24239209457368874,6.811836386463726e-13,-4.601957184096167,7.4543339707508816,0.30842544449462883,fixture
G-AZ,Governor,AZ,True,3.0,False,-2.9630905523662823,4.265348568531013,3.8174715976104476,0.9088401440359769,3.797874966992059,14.127090026950597,0.686999043355715,4.440649767681397,Lean R,-4.0064647903488435,8.0,0.1773584905660377,0.7576079054256301,0.24239209457368874,6.811836386463726e-13,-1.3242859587892373,8.234696807510568,0.44636242940446985,fixture
G-AR,Governor,AR,False,,False,-23.6026711075135,14.290023512900602,14.20224990960259,0.0,-22.585955247236306,14.127090026950597,0.686999043355715,4.440649767681397,Safe R,-36.37381687252061,23.828041042540573,0.0002525252525252819,0.11545037360314417,0.8671217182255274,0.017427908171328468,-22.943629059437992,14.47556597910408,0.06882897648980968,fixture
G-CA,Governor,CA,False,,False,13.61781876514789,14.51045190035771,14.387573032072993,0.0,16.81183612538015,14.127090026950597,0.686999043355715,4.440649767681397,Safe D,36.37381687252061,23.828041042540573,0.9997474747474747,0.11545037360314417,0.8671217182255274,0.017427908171328468,16.784010031956868,14.652485756334071,0.8586964661025616,fixture
G-CO,Governor,CO,True,4.0,False,1.2989603859496694,3.8658547909019867,3.3196146002045337,0.9251165838462667,5.770096146343568,14.127090026950597,0.686999043355715,4.440649767681397,Likely D,8.311389359756497,10.0,0.9372549019607842,0.7576079054256301,0.24239209457368874,6.811836386463726e-13,2.3827283480396457,7.771432451453362,0.5995763188585189,fixture
G-CT,Governor,CT,False,,False,13.854791330552244,14.183694488740667,14.070502449321673,0.0,15.026904474148814,14.127090026950597,0.686999043355715,4.440649767681397,Likely D,8.311389359756497,10.0,0.9372549019607842,0.11545037360314417,0.8671217182255274,0.017427908171328468,14.774546193078638,14.09027930538034,0.8361619662784145,fixture
G-FL,Governor,FL,True,5.0,False,-4.543512737764042,3.6585008895728017,3.0050272299188334,0.9329342316708629,-2.4535646120939614,14.127090026950597,0.686999043355715,4.440649767681397,Likely R,-8.311389359756497,10.0,0.0627450980392158,0.7576079054256301,0.24239209457368874,6.811836386463726e-13,-4.036925834035082,7.484569145394359,0.3306961831497473,fixture
G-GA,Governor,GA,True,2.0,False,-1.5972668393539475,4.9384133550925435,4.501709617597378,0.8778004936984117,-2.430702818537185,14.127090026950597,0.686999043355715,4.440649767681397,Likely R,-8.311389359756497,10.0,0.0627450980392158,0.7576079054256301,0.24239209457368874,6.811836386463726e-13,-1.7992851320458194,7.991001196539597,0.4256395776043418,fixture
G-HI,Governor,HI,False,,False,25.403438180831255,13.951808673695407,13.878207086172505,0.0,26.458958031737392,14.127090026950597,0.686999043355715,4.440649767681397,Safe D,36.37381687252061,23.828041042540573,0.9997474747474747,0.11545037360314417,0.8671217182255274,0.017427908171328468,26.5098931200136,14.388405807189274,0.9576849152053443,fixture
G-ID,Governor,ID,False,,False,-26.745732024091243,14.438371313275221,14.38448816239894,0.0,-25.660284893893976,14.127090026950597,0.686999043355715,4.440649767681397,Safe R,-36.37381687252061,23.828041042540573,0.0002525252525252819,0.11545037360314417,0.8671217182255274,0.017427908171328468,-25.97231462211581,14.452610340805622,0.04619899779311373,fixture
G-IL,Governor,IL,True,2.0,False,20.449123215160558,4.864250467165293,4.423168499218123,0.8814432097247301,15.644979157845661,14.127090026950597,0.686999043355715,4.440649767681397,Safe D,36.37381687252061,23.828041042540573,0.9997474747474747,0.7576079054256301,0.24239209457368874,6.811836386463726e-13,19.284636674485107,8.211931200827053,0.9756427082535584,fixture
G-IA,Governor,IA,True,4.0,False,-5.372005806628791,3.7192877094639893,3.082931066339453,0.9306870912854941,-3.7407860718394765,14.127090026950597,0.686999043355715,4.440649767681397,Likely R,-8.311389359756497,10.0,0.0627450980392158,0.7576079054256301,0.24239209457368874,6.811836386463726e-13,-4.976611038405274,7.487631046039497,0.2946353934539324,fixture
G-KS,Governor,KS,True,1.0,False,-11.084867797836498,5.337991042153825,4.9276976102396635,0.8572256289310817,-10.403801133065478,14.127090026950597,0.686999043355715,4.440649767681397,Safe R,-36.37381687252061,23.828041042540573,0.0002525252525252819,0.7576079054256301,0.24239209457368874,6.811836386463726e-13,-10.919782622435559,8.17660646791106,0.1311156534443237,fixture
G-ME,Governor,ME,True,1.0,False,12.370235477217483,4.99065615289125,4.575860432918366,0.8752013544198766,4.392190172828791,14.127090026950597,0.686999043355715,4.440649767681397,Lean D,4.0064647903488435,8.0,0.8226415094339623,0.7576079054256301,0.24239209457368874,6.811836386463726e-13,10.436420365277227,8.713605381977317,0.8467714332029332,fixture
G-MD,Governor,MD,False,,False,21.85335261245945,14.404782416376724,14.297960857987658,0.0,23.233630915164188,14.127090026950597,0.686999043355715,4.440649767681397,Safe D,36.37381687252061,23.828041042540573,0.9997474747474747,0.11545037360314417,0.8671217182255274,0.017427908171328468,23.3032832236596,14.483669050018815,0.9341075636784882,fixture
G-MA,Governor,MA,False,,False,25.97668801824044,14.502713399759969,14.36253637069852,0.0,26.961674508224746,14.127090026950597,0.686999043355715,4.440649767681397,Safe D,36.37381687252061,23.828041042540573,0.9997474747474747,0.11545037360314417,0.8671217182255274,0.017427908171328468,27.011991402782428,14.436739519191399,0.9601074897541633,fixture
G-MI,Governor,MI,True,4.0,False,5.997806645998013,4.030501728214333,3.4901497581916168,0.9186021754814061,1.1626225013470761,14.127090026950597,0.686999043355715,4.440649767681397,Toss-up,0.0,8.0,0.5,0.7576079054256301,0.24239209457368874,6.811836386463726e-13,4.825796233522497,7.867473081113084,0.6938800629852859,fixture
G-MN,Governor,MN,False,,False,1.7132262693917673,14.379954399359423,14.241220260094089,0.0,3.0060489777391224,14.127090026950597,0.686999043355715,4.440649767681397,Lean D,4.0064647903488435,8.0,0.8226415094339623,0.11545037360314417,0.8671217182255274,0.017427908171328468,2.874227267973099,14.063381861106947,0.5756326864991758,fixture
G-NE,Governor,NE,False,,False,-19.20951718308332,14.358349897414671,14.26324302787482,0.0,-18.66174747879194,14.127090026950597,0.686999043355715,4.440649767681397,Safe R,-36.37381687252061,23.828041042540573,0.0002525252525252819,0.11545037360314417,0.8671217182255274,0.017427908171328468,-19.033672014718967,14.553407163014613,0.11013875601098622,fixture
G-NV,Governor,NV,True,5.0,False,-1.666841422189025,3.7252469447669077,3.0670280017585094,0.930464799883782,-5.7796915386909955,14.127090026950597,0.686999043355715,4.440649767681397,Lean R,-4.0064647903488435,8.0,0.1773584905660377,0.7576079054256301,0.24239209457368874,6.811836386463726e-13,-2.663763776597171,7.655600663662542,0.3879157946682068,fixture
G-NH,Governor,NH,True,5.0,False,1.3636216651233548,3.4780148794619246,2.78959675360212,0.9393881631255356,-3.9448779519374524,14.127090026950597,0.686999043355715,4.440649767681397,Toss-up,0.0,8.0,0.5,0.7576079054256301,0.24239209457368874,6.811836386463726e-13,0.07688332389943242,7.710114685945202,0.5032610095436537,fixture
G-NM,Governor,NM,False,,False,4.7982226789173845,14.22835009383494,14.17808552623261,0.0,6.002561680669301,14.127090026950597,0.686999043355715,4.440649767681397,Likely D,8.311389359756497,10.0,0.9372549019607842,0.11545037360314417,0.8671217182255274,0.017427908171328468,5.903758329746758,14.080359840069148,0.6522347197405687,fixture
G-NY,Governor,NY,False,,False,18.36309382123602,14.427359515153912,14.30611091142702,0.0,19.535593825787952,14.127090026950597,0.686999043355715,4.440649767681397,Safe D,36.37381687252061,23.828041042540573,0.9997474747474747,0.11545037360314417,0.8671217182255274,0.017427908171328468,19.693683267239546,14.548343081176782,0.8977230703043415,fixture
G-OH,Governor,OH,False,,False,-6.047537860535796,14.196493768640222,14.097888735378229,0.0,-5.191214544378979,14.127090026950597,0.686999043355715,4.440649767681397,Likely R,-8.311389359756497,10.0,0.0627450980392158,0.11545037360314417,0.8671217182255274,0.017427908171328468,-5.3444555113152585,14.070358364844717,0.36148063089563764,fixture
G-OK,Governor,OK,False,,False,-20.805106380911468,14.23976945164696,14.107661208186437,0.0,-19.58533203656491,14.127090026950597,0.686999043355715,4.440649767681397,Safe R,-36.37381687252061,23.828041042540573,0.0002525252525252819,0.11545037360314417,0.8671217182255274,0.017427908171328468,-20.018743612388025,14.519791680295423,0.09820435139203354,fixture
G-OR,Governor,OR,False,,False,13.459027459098802,14.324190852314649,14.224842175745152,0.0,14.13090632132155,14.127090026950597,0.686999043355715,4.440649767681397,Likely D,8.311389359756497,10.0,0.9372549019607842,0.11545037360314417,0.8671217182255274,0.017427908171328468,13.951915648454234,14.098566129691422,0.8222134347266303,fixture
G-PA,Governor,PA,True,1.0,False,-0.6189783138037414,6.4981014029442035,6.172599712678075,0.7884234442858951,6.241381525607649,14.127090026950597,0.686999043355715,4.440649767681397,Toss-up,0.0,8.0,0.5,0.7576079054256301,0.24239209457368874,6.811836386463726e-13,1.043918677200822,9.267350072761255,0.5390800488041584,fixture
G-RI,Governor,RI,False,,False,20.85880558168758,14.350114016534299,14.280308187826725,0.0,21.72435958426643,14.127090026950597,0.686999043355715,4.440649767681397,Safe D,36.37381687252061,23.828041042540573,0.9997474747474747,0.11545037360314417,0.8671217182255274,0.017427908171328468,21.8797404476745,14.501608155471828,0.9212454919423538,fixture
G-SC,Governor,SC,True,2.0,False,-12.359973404522197,4.469330633857777,3.9739091322220492,0.8999125688071895,-8.771725192164812,14.127090026950597,0.686999043355715,4.440649767681397,Safe R,-36.37381687252061,23.828041042540573,0.0002525252525252819,0.7576079054256301,0.24239209457368874,6.811836386463726e-13,-11.490210404494954,7.9185775118691994,0.11447023728024114,fixture
G-SD,Governor,SD,False,,False,-23.401121173078632,14.239512593213918,14.136222758126948,0.0,-22.87744035392882,14.127090026950597,0.686999043355715,4.440649767681397,Safe R,-36.37381687252061,23.828041042540573,0.0002525252525252819,0.11545037360314417,0.8671217182255274,0.017427908171328468,-23.17311311076016,14.461680887570934,0.06671906400685619,fixture
G-TN,Governor,TN,False,,False,-15.957283393910059,14.678105109003015,14.55636477904154,0.0,-15.130540457525743,14.127090026950597,0.686999043355715,4.440649767681397,Safe R,-36.37381687252061,23.828041042540573,0.0002525252525252819,0.11545037360314417,0.8671217182255274,0.017427908171328468,-15.596214109023753,14.667653626083492,0.15925316099789033,fixture
G-TX,Governor,TX,True,2.0,False,-5.208844414351588,4.507136977925925,4.018852789130163,0.8982121154451745,-11.774441068726627,14.127090026950597,0.686999043355715,4.440649767681397,Likely R,-8.311389359756497,10.0,0.0627450980392158,0.7576079054256301,0.24239209457368874,6.811836386463726e-13,-6.80029313953367,8.278144975878911,0.24496888852580412,fixture
G-VT,Governor,VT,False,,False,10.777075513995143,14.324071774326951,14.209247768538173,0.0,11.874142546200744,14.127090026950597,0.686999043355715,4.440649767681397,Safe D,36.37381687252061,23.828041042540573,0.9997474747474747,0.11545037360314417,0.8671217182255274,0.017427908171328468,12.174463821851473,14.72311107126039,0.7811533041283769,fixture
G-WI,Governor,WI,True,3.0,False,-0.9600681566669504,3.9727707354842763,3.424799287125294,0.9209172831968712,-0.38595142015712147,14.127090026950597,0.686999043355715,4.440649767681397,Toss-up,0.0,8.0,0.5,0.7576079054256301,0.24239209457368874,6.811836386463726e-13,-0.8209067983738685,7.5711309952702255,0.464751221923032,fixture
G-WY,Governor,WY,False,,False,-28.47867611548605,14.905266696281956,14.803307299042801,0.0,-27.14099524130526,14.127090026950597,0.686999043355715,4.440649767681397,Safe R,-36.37381687252061,23.828041042540573,0.0002525252525252819,0.11545037360314417,0.8671217182255274,0.017427908171328468,-27.45633976554229,14.48595912557815,0.03791211860263549,fixture
